symbol,name_ar,index_code,index_name,membership_status,effective_date,review_cycle,source_url,last_reviewed,confidence,notes
1010,بنك الرياض,TASI,Tadawul All Share Index,needs_verification,,quarterly,https://www.saudiexchange.sa/wps/portal/saudiexchange/markets/indices,2026-06-28,low,عضوية TASI بانتظار لقطة رسمية مؤرخة للمكونات.
1020,بنك الجزيرة,TASI,Tadawul All Share Index,needs_verification,,quarterly,https://www.saudiexchange.sa/wps/portal/saudiexchange/markets/indices,2026-06-28,low,عضوية TASI بانتظار لقطة رسمية مؤرخة للمكونات.
1030,البنك السعودي للاستثمار,TASI,Tadawul All Share Index,needs_verification,,quarterly,https://www.saudiexchange.sa/wps/portal/saudiexchange/markets/indices,2026-06-28,low,عضوية TASI بانتظار لقطة رسمية مؤرخة للمكونات.
1050,البنك السعودي الفرنسي,TASI,Tadawul All Share Index,needs_verification,,quarterly,https://www.saudiexchange.sa/wps/portal/saudiexchange/markets/indices,2026-06-28,low,عضوية TASI بانتظار لقطة رسمية مؤرخة للمكونات.
1060,البنك السعودي الأول,TASI,Tadawul All Share Index,needs_verification,,quarterly,https://www.saudiexchange.sa/wps/portal/saudiexchange/markets/indices,2026-06-28,low,عضوية TASI بانتظار لقطة رسمية مؤرخة للمكونات.
1080,البنك العربي الوطني,TASI,Tadawul All Share Index,needs_verification,,quarterly,https://www.saudiexchange.sa/wps/portal/saudiexchange/markets/indices,2026-06-28,low,عضوية TASI بانتظار لقطة رسمية مؤرخة للمكونات.
1111,شركة مجموعة تداول السعودية القابضة,TASI,Tadawul All Share Index,needs_verification,,quarterly,https://www.saudiexchange.sa/wps/portal/saudiexchange/markets/indices,2026-06-28,low,عضوية TASI بانتظار لقطة رسمية مؤرخة للمكونات.
1120,مصرف الراجحي,TASI,Tadawul All Share Index,needs_verification,,quarterly,https://www.saudiexchange.sa/wps/portal/saudiexchange/markets/indices,2026-06-28,low,عضوية TASI بانتظار لقطة رسمية مؤرخة للمكونات.
1140,بنك البلاد,TASI,Tadawul All Share Index,needs_verification,,quarterly,https://www.saudiexchange.sa/wps/portal/saudiexchange/markets/indices,2026-06-28,low,عضوية TASI بانتظار لقطة رسمية مؤرخة للمكونات.
1150,مصرف الإنماء,TASI,Tadawul All Share Index,needs_verification,,quarterly,https://www.saudiexchange.sa/wps/portal/saudiexchange/markets/indices,2026-06-28,low,عضوية TASI بانتظار لقطة رسمية مؤرخة للمكونات.
1180,البنك الأهلي السعودي,TASI,Tadawul All Share Index,needs_verification,,quarterly,https://www.saudiexchange.sa/wps/portal/saudiexchange/markets/indices,2026-06-28,low,عضوية TASI بانتظار لقطة رسمية مؤرخة للمكونات.
1182,شركة أملاك العالمية للتمويل,TASI,Tadawul All Share Index,needs_verification,,quarterly,https://www.saudiexchange.sa/wps/portal/saudiexchange/markets/indices,2026-06-28,low,عضوية TASI بانتظار لقطة رسمية مؤرخة للمكونات.
1183,شركة سهل للتمويل,TASI,Tadawul All Share Index,needs_verification,,quarterly,https://www.saudiexchange.sa/wps/portal/saudiexchange/markets/indices,2026-06-28,low,عضوية TASI بانتظار لقطة رسمية مؤرخة للمكونات.
1201,تكوين,TASI,Tadawul All Share Index,needs_verification,,quarterly,https://www.saudiexchange.sa/wps/portal/saudiexchange/markets/indices,2026-06-28,low,عضوية TASI بانتظار لقطة رسمية مؤرخة للمكونات.
1202,مبكو,TASI,Tadawul All Share Index,needs_verification,,quarterly,https://www.saudiexchange.sa/wps/portal/saudiexchange/markets/indices,2026-06-28,low,عضوية TASI بانتظار لقطة رسمية مؤرخة للمكونات.
1210,بي سي آي,TASI,Tadawul All Share Index,needs_verification,,quarterly,https://www.saudiexchange.sa/wps/portal/saudiexchange/markets/indices,2026-06-28,low,عضوية TASI بانتظار لقطة رسمية مؤرخة للمكونات.
1211,معادن,TASI,Tadawul All Share Index,needs_verification,,quarterly,https://www.saudiexchange.sa/wps/portal/saudiexchange/markets/indices,2026-06-28,low,عضوية TASI بانتظار لقطة رسمية مؤرخة للمكونات.
1212,مجموعة أسترا الصناعية,TASI,Tadawul All Share Index,needs_verification,,quarterly,https://www.saudiexchange.sa/wps/portal/saudiexchange/markets/indices,2026-06-28,low,عضوية TASI بانتظار لقطة رسمية مؤرخة للمكونات.
1213,شركة نسيج العالمية التجارية,TASI,Tadawul All Share Index,needs_verification,,quarterly,https://www.saudiexchange.sa/wps/portal/saudiexchange/markets/indices,2026-06-28,low,عضوية TASI بانتظار لقطة رسمية مؤرخة للمكونات.
1214,شركة الحسن غازي إبراهيم شاكر,TASI,Tadawul All Share Index,needs_verification,,quarterly,https://www.saudiexchange.sa/wps/portal/saudiexchange/markets/indices,2026-06-28,low,عضوية TASI بانتظار لقطة رسمية مؤرخة للمكونات.
1301,أسلاك,TASI,Tadawul All Share Index,needs_verification,,quarterly,https://www.saudiexchange.sa/wps/portal/saudiexchange/markets/indices,2026-06-28,low,عضوية TASI بانتظار لقطة رسمية مؤرخة للمكونات.
1302,بوان,TASI,Tadawul All Share Index,needs_verification,,quarterly,https://www.saudiexchange.sa/wps/portal/saudiexchange/markets/indices,2026-06-28,low,عضوية TASI بانتظار لقطة رسمية مؤرخة للمكونات.
1303,صناعات كهربائية,TASI,Tadawul All Share Index,needs_verification,,quarterly,https://www.saudiexchange.sa/wps/portal/saudiexchange/markets/indices,2026-06-28,low,عضوية TASI بانتظار لقطة رسمية مؤرخة للمكونات.
1304,شركة اليمامة للصناعات الحديدية,TASI,Tadawul All Share Index,needs_verification,,quarterly,https://www.saudiexchange.sa/wps/portal/saudiexchange/markets/indices,2026-06-28,low,عضوية TASI بانتظار لقطة رسمية مؤرخة للمكونات.
1320,الشركة السعودية لأنابيب الصلب,TASI,Tadawul All Share Index,needs_verification,,quarterly,https://www.saudiexchange.sa/wps/portal/saudiexchange/markets/indices,2026-06-28,low,عضوية TASI بانتظار لقطة رسمية مؤرخة للمكونات.
1321,شركة أنابيب الشرق المتكاملة للصناعة,TASI,Tadawul All Share Index,needs_verification,,quarterly,https://www.saudiexchange.sa/wps/portal/saudiexchange/markets/indices,2026-06-28,low,عضوية TASI بانتظار لقطة رسمية مؤرخة للمكونات.
1322,أماك,TASI,Tadawul All Share Index,needs_verification,,quarterly,https://www.saudiexchange.sa/wps/portal/saudiexchange/markets/indices,2026-06-28,low,عضوية TASI بانتظار لقطة رسمية مؤرخة للمكونات.
1323,الشركة المتحدة لصناعات الكرتون,TASI,Tadawul All Share Index,needs_verification,,quarterly,https://www.saudiexchange.sa/wps/portal/saudiexchange/markets/indices,2026-06-28,low,عضوية TASI بانتظار لقطة رسمية مؤرخة للمكونات.
1324,شركة صالح عبدالعزيز الراشد وأولاده,TASI,Tadawul All Share Index,needs_verification,,quarterly,https://www.saudiexchange.sa/wps/portal/saudiexchange/markets/indices,2026-06-28,low,عضوية TASI بانتظار لقطة رسمية مؤرخة للمكونات.
1810,مجموعة سيرا القابضة,TASI,Tadawul All Share Index,needs_verification,,quarterly,https://www.saudiexchange.sa/wps/portal/saudiexchange/markets/indices,2026-06-28,low,عضوية TASI بانتظار لقطة رسمية مؤرخة للمكونات.
1820,شركة مجموعة بان القابضة,TASI,Tadawul All Share Index,needs_verification,,quarterly,https://www.saudiexchange.sa/wps/portal/saudiexchange/markets/indices,2026-06-28,low,عضوية TASI بانتظار لقطة رسمية مؤرخة للمكونات.
1830,لجام للرياضة,TASI,Tadawul All Share Index,needs_verification,,quarterly,https://www.saudiexchange.sa/wps/portal/saudiexchange/markets/indices,2026-06-28,low,عضوية TASI بانتظار لقطة رسمية مؤرخة للمكونات.
1831,مهارة,TASI,Tadawul All Share Index,needs_verification,,quarterly,https://www.saudiexchange.sa/wps/portal/saudiexchange/markets/indices,2026-06-28,low,عضوية TASI بانتظار لقطة رسمية مؤرخة للمكونات.
1832,صدر,TASI,Tadawul All Share Index,needs_verification,,quarterly,https://www.saudiexchange.sa/wps/portal/saudiexchange/markets/indices,2026-06-28,low,عضوية TASI بانتظار لقطة رسمية مؤرخة للمكونات.
1833,الموارد,TASI,Tadawul All Share Index,needs_verification,,quarterly,https://www.saudiexchange.sa/wps/portal/saudiexchange/markets/indices,2026-06-28,low,عضوية TASI بانتظار لقطة رسمية مؤرخة للمكونات.
1834,الشركة السعودية لحلول القوى البشرية,TASI,Tadawul All Share Index,needs_verification,,quarterly,https://www.saudiexchange.sa/wps/portal/saudiexchange/markets/indices,2026-06-28,low,عضوية TASI بانتظار لقطة رسمية مؤرخة للمكونات.
1835,شركة تمكين للموارد البشرية,TASI,Tadawul All Share Index,needs_verification,,quarterly,https://www.saudiexchange.sa/wps/portal/saudiexchange/markets/indices,2026-06-28,low,عضوية TASI بانتظار لقطة رسمية مؤرخة للمكونات.
2001,شركة كيمائيات الميثانول,TASI,Tadawul All Share Index,needs_verification,,quarterly,https://www.saudiexchange.sa/wps/portal/saudiexchange/markets/indices,2026-06-28,low,عضوية TASI بانتظار لقطة رسمية مؤرخة للمكونات.
2002,الشركة الوطنية للبتروكيماويات,TASI,Tadawul All Share Index,needs_verification,,quarterly,https://www.saudiexchange.sa/wps/portal/saudiexchange/markets/indices,2026-06-28,low,عضوية TASI بانتظار لقطة رسمية مؤرخة للمكونات.
2010,سابك,TASI,Tadawul All Share Index,needs_verification,,quarterly,https://www.saudiexchange.sa/wps/portal/saudiexchange/markets/indices,2026-06-28,low,عضوية TASI بانتظار لقطة رسمية مؤرخة للمكونات.
2020,سابك للمغذيات الزراعية,TASI,Tadawul All Share Index,needs_verification,,quarterly,https://www.saudiexchange.sa/wps/portal/saudiexchange/markets/indices,2026-06-28,low,عضوية TASI بانتظار لقطة رسمية مؤرخة للمكونات.
2030,شركة المصافي العربية السعودية,TASI,Tadawul All Share Index,needs_verification,,quarterly,https://www.saudiexchange.sa/wps/portal/saudiexchange/markets/indices,2026-06-28,low,عضوية TASI بانتظار لقطة رسمية مؤرخة للمكونات.
2040,الخزف السعودي,TASI,Tadawul All Share Index,needs_verification,,quarterly,https://www.saudiexchange.sa/wps/portal/saudiexchange/markets/indices,2026-06-28,low,عضوية TASI بانتظار لقطة رسمية مؤرخة للمكونات.
2050,مجموعة صافولا,TASI,Tadawul All Share Index,needs_verification,,quarterly,https://www.saudiexchange.sa/wps/portal/saudiexchange/markets/indices,2026-06-28,low,عضوية TASI بانتظار لقطة رسمية مؤرخة للمكونات.
2060,شركة التصنيع الوطنية,TASI,Tadawul All Share Index,needs_verification,,quarterly,https://www.saudiexchange.sa/wps/portal/saudiexchange/markets/indices,2026-06-28,low,عضوية TASI بانتظار لقطة رسمية مؤرخة للمكونات.
2070,الشركة السعودية للصناعات الدوائية والمستلزمات الطبية,TASI,Tadawul All Share Index,needs_verification,,quarterly,https://www.saudiexchange.sa/wps/portal/saudiexchange/markets/indices,2026-06-28,low,عضوية TASI بانتظار لقطة رسمية مؤرخة للمكونات.
2080,شركة الغاز والتصنيع الأهلية القابضة,TASI,Tadawul All Share Index,needs_verification,,quarterly,https://www.saudiexchange.sa/wps/portal/saudiexchange/markets/indices,2026-06-28,low,عضوية TASI بانتظار لقطة رسمية مؤرخة للمكونات.
2081,شركة الخريف لتقنية المياه والطاقة,TASI,Tadawul All Share Index,needs_verification,,quarterly,https://www.saudiexchange.sa/wps/portal/saudiexchange/markets/indices,2026-06-28,low,عضوية TASI بانتظار لقطة رسمية مؤرخة للمكونات.
2082,أكوا باور,TASI,Tadawul All Share Index,needs_verification,,quarterly,https://www.saudiexchange.sa/wps/portal/saudiexchange/markets/indices,2026-06-28,low,عضوية TASI بانتظار لقطة رسمية مؤرخة للمكونات.
2083,مرافق,TASI,Tadawul All Share Index,needs_verification,,quarterly,https://www.saudiexchange.sa/wps/portal/saudiexchange/markets/indices,2026-06-28,low,عضوية TASI بانتظار لقطة رسمية مؤرخة للمكونات.
2084,شركة مياهنا,TASI,Tadawul All Share Index,needs_verification,,quarterly,https://www.saudiexchange.sa/wps/portal/saudiexchange/markets/indices,2026-06-28,low,عضوية TASI بانتظار لقطة رسمية مؤرخة للمكونات.
2090,شركة الجبس الأهلية,TASI,Tadawul All Share Index,needs_verification,,quarterly,https://www.saudiexchange.sa/wps/portal/saudiexchange/markets/indices,2026-06-28,low,عضوية TASI بانتظار لقطة رسمية مؤرخة للمكونات.
2100,شركة وفرة للصناعة والتنمية,TASI,Tadawul All Share Index,needs_verification,,quarterly,https://www.saudiexchange.sa/wps/portal/saudiexchange/markets/indices,2026-06-28,low,عضوية TASI بانتظار لقطة رسمية مؤرخة للمكونات.
2110,شركة الكابلات السعودية,TASI,Tadawul All Share Index,needs_verification,,quarterly,https://www.saudiexchange.sa/wps/portal/saudiexchange/markets/indices,2026-06-28,low,عضوية TASI بانتظار لقطة رسمية مؤرخة للمكونات.
2120,الشركة السعودية للصناعات المتطورة,TASI,Tadawul All Share Index,needs_verification,,quarterly,https://www.saudiexchange.sa/wps/portal/saudiexchange/markets/indices,2026-06-28,low,عضوية TASI بانتظار لقطة رسمية مؤرخة للمكونات.
2130,الشركة السعودية للتنمية الصناعية,TASI,Tadawul All Share Index,needs_verification,,quarterly,https://www.saudiexchange.sa/wps/portal/saudiexchange/markets/indices,2026-06-28,low,عضوية TASI بانتظار لقطة رسمية مؤرخة للمكونات.
2140,شركة أيان للإستثمار,TASI,Tadawul All Share Index,needs_verification,,quarterly,https://www.saudiexchange.sa/wps/portal/saudiexchange/markets/indices,2026-06-28,low,عضوية TASI بانتظار لقطة رسمية مؤرخة للمكونات.
2150,شركة الصناعات الزجاجية الوطنية,TASI,Tadawul All Share Index,needs_verification,,quarterly,https://www.saudiexchange.sa/wps/portal/saudiexchange/markets/indices,2026-06-28,low,عضوية TASI بانتظار لقطة رسمية مؤرخة للمكونات.
2160,شركة أميانتيت العربية السعودية,TASI,Tadawul All Share Index,needs_verification,,quarterly,https://www.saudiexchange.sa/wps/portal/saudiexchange/markets/indices,2026-06-28,low,عضوية TASI بانتظار لقطة رسمية مؤرخة للمكونات.
2170,شركة اللجين,TASI,Tadawul All Share Index,needs_verification,,quarterly,https://www.saudiexchange.sa/wps/portal/saudiexchange/markets/indices,2026-06-28,low,عضوية TASI بانتظار لقطة رسمية مؤرخة للمكونات.
2180,شركة تصنيع مواد التعبئة والتغليف,TASI,Tadawul All Share Index,needs_verification,,quarterly,https://www.saudiexchange.sa/wps/portal/saudiexchange/markets/indices,2026-06-28,low,عضوية TASI بانتظار لقطة رسمية مؤرخة للمكونات.
2190,شركة البنى التحتية المستدامة القابضة,TASI,Tadawul All Share Index,needs_verification,,quarterly,https://www.saudiexchange.sa/wps/portal/saudiexchange/markets/indices,2026-06-28,low,عضوية TASI بانتظار لقطة رسمية مؤرخة للمكونات.
2200,الشركة العربية للأنابيب,TASI,Tadawul All Share Index,needs_verification,,quarterly,https://www.saudiexchange.sa/wps/portal/saudiexchange/markets/indices,2026-06-28,low,عضوية TASI بانتظار لقطة رسمية مؤرخة للمكونات.
2210,شركة نماء للكيماويات,TASI,Tadawul All Share Index,needs_verification,,quarterly,https://www.saudiexchange.sa/wps/portal/saudiexchange/markets/indices,2026-06-28,low,عضوية TASI بانتظار لقطة رسمية مؤرخة للمكونات.
2220,الشركة الوطنية لتصنيع وسبك المعادن,TASI,Tadawul All Share Index,needs_verification,,quarterly,https://www.saudiexchange.sa/wps/portal/saudiexchange/markets/indices,2026-06-28,low,عضوية TASI بانتظار لقطة رسمية مؤرخة للمكونات.
2222,أرامكو السعودية,TASI,Tadawul All Share Index,needs_verification,,quarterly,https://www.saudiexchange.sa/wps/portal/saudiexchange/markets/indices,2026-06-28,low,عضوية TASI بانتظار لقطة رسمية مؤرخة للمكونات.
2223,شركة أرامكو السعودية لزيوت الأساس,TASI,Tadawul All Share Index,needs_verification,,quarterly,https://www.saudiexchange.sa/wps/portal/saudiexchange/markets/indices,2026-06-28,low,عضوية TASI بانتظار لقطة رسمية مؤرخة للمكونات.
2230,الشركة الكيميائية السعودية القابضة,TASI,Tadawul All Share Index,needs_verification,,quarterly,https://www.saudiexchange.sa/wps/portal/saudiexchange/markets/indices,2026-06-28,low,عضوية TASI بانتظار لقطة رسمية مؤرخة للمكونات.
2240,شركة صناعات البناء المتقدمة,TASI,Tadawul All Share Index,needs_verification,,quarterly,https://www.saudiexchange.sa/wps/portal/saudiexchange/markets/indices,2026-06-28,low,عضوية TASI بانتظار لقطة رسمية مؤرخة للمكونات.
2250,المجموعة السعودية للإستثمار الصناعي,TASI,Tadawul All Share Index,needs_verification,,quarterly,https://www.saudiexchange.sa/wps/portal/saudiexchange/markets/indices,2026-06-28,low,عضوية TASI بانتظار لقطة رسمية مؤرخة للمكونات.
2260,شركة الصحراء للبتروكيماويات,TASI,Tadawul All Share Index,needs_verification,,quarterly,https://www.saudiexchange.sa/wps/portal/saudiexchange/markets/indices,2026-06-28,low,عضوية TASI بانتظار لقطة رسمية مؤرخة للمكونات.
2270,الشركة السعودية لمنتجات الألبان والأغذية,TASI,Tadawul All Share Index,needs_verification,,quarterly,https://www.saudiexchange.sa/wps/portal/saudiexchange/markets/indices,2026-06-28,low,عضوية TASI بانتظار لقطة رسمية مؤرخة للمكونات.
2280,شركة المراعي,TASI,Tadawul All Share Index,needs_verification,,quarterly,https://www.saudiexchange.sa/wps/portal/saudiexchange/markets/indices,2026-06-28,low,عضوية TASI بانتظار لقطة رسمية مؤرخة للمكونات.
2281,شركة التنمية الغذائية,TASI,Tadawul All Share Index,needs_verification,,quarterly,https://www.saudiexchange.sa/wps/portal/saudiexchange/markets/indices,2026-06-28,low,عضوية TASI بانتظار لقطة رسمية مؤرخة للمكونات.
2282,شركة نقي للمياه,TASI,Tadawul All Share Index,needs_verification,,quarterly,https://www.saudiexchange.sa/wps/portal/saudiexchange/markets/indices,2026-06-28,low,عضوية TASI بانتظار لقطة رسمية مؤرخة للمكونات.
2283,شركة المطاحن الأولى,TASI,Tadawul All Share Index,needs_verification,,quarterly,https://www.saudiexchange.sa/wps/portal/saudiexchange/markets/indices,2026-06-28,low,عضوية TASI بانتظار لقطة رسمية مؤرخة للمكونات.
2284,شركة المطاحن الحديثة للمنتجات الغذائية,TASI,Tadawul All Share Index,needs_verification,,quarterly,https://www.saudiexchange.sa/wps/portal/saudiexchange/markets/indices,2026-06-28,low,عضوية TASI بانتظار لقطة رسمية مؤرخة للمكونات.
2285,شركة المطاحن العربية للمنتجات الغذائية,TASI,Tadawul All Share Index,needs_verification,,quarterly,https://www.saudiexchange.sa/wps/portal/saudiexchange/markets/indices,2026-06-28,low,عضوية TASI بانتظار لقطة رسمية مؤرخة للمكونات.
2286,شركة المطاحن الرابعة,TASI,Tadawul All Share Index,needs_verification,,quarterly,https://www.saudiexchange.sa/wps/portal/saudiexchange/markets/indices,2026-06-28,low,عضوية TASI بانتظار لقطة رسمية مؤرخة للمكونات.
2287,الشركة العربية للاستثمار الزراعي والصناعي,TASI,Tadawul All Share Index,needs_verification,,quarterly,https://www.saudiexchange.sa/wps/portal/saudiexchange/markets/indices,2026-06-28,low,عضوية TASI بانتظار لقطة رسمية مؤرخة للمكونات.
2288,شركة نفوذ للمنتجات الغذائية,TASI,Tadawul All Share Index,needs_verification,,quarterly,https://www.saudiexchange.sa/wps/portal/saudiexchange/markets/indices,2026-06-28,low,عضوية TASI بانتظار لقطة رسمية مؤرخة للمكونات.
2290,شركة ينبع الوطنية للبتروكيماويات,TASI,Tadawul All Share Index,needs_verification,,quarterly,https://www.saudiexchange.sa/wps/portal/saudiexchange/markets/indices,2026-06-28,low,عضوية TASI بانتظار لقطة رسمية مؤرخة للمكونات.
2300,الشركة السعودية لصناعة الورق,TASI,Tadawul All Share Index,needs_verification,,quarterly,https://www.saudiexchange.sa/wps/portal/saudiexchange/markets/indices,2026-06-28,low,عضوية TASI بانتظار لقطة رسمية مؤرخة للمكونات.
2310,شركة الصحراء العالمية للبتروكيماويات,TASI,Tadawul All Share Index,needs_verification,,quarterly,https://www.saudiexchange.sa/wps/portal/saudiexchange/markets/indices,2026-06-28,low,عضوية TASI بانتظار لقطة رسمية مؤرخة للمكونات.
2320,شركة البابطين للطاقة والإتصالات,TASI,Tadawul All Share Index,needs_verification,,quarterly,https://www.saudiexchange.sa/wps/portal/saudiexchange/markets/indices,2026-06-28,low,عضوية TASI بانتظار لقطة رسمية مؤرخة للمكونات.
2330,الشركة المتقدمة للبتروكيماويات,TASI,Tadawul All Share Index,needs_verification,,quarterly,https://www.saudiexchange.sa/wps/portal/saudiexchange/markets/indices,2026-06-28,low,عضوية TASI بانتظار لقطة رسمية مؤرخة للمكونات.
2340,شركة ارتيكس للاستثمار الصناعي,TASI,Tadawul All Share Index,needs_verification,,quarterly,https://www.saudiexchange.sa/wps/portal/saudiexchange/markets/indices,2026-06-28,low,عضوية TASI بانتظار لقطة رسمية مؤرخة للمكونات.
2350,شركة كيان السعودية للبتروكيماويات,TASI,Tadawul All Share Index,needs_verification,,quarterly,https://www.saudiexchange.sa/wps/portal/saudiexchange/markets/indices,2026-06-28,low,عضوية TASI بانتظار لقطة رسمية مؤرخة للمكونات.
2360,الشركة السعودية لإنتاج الأنابيب الفخارية,TASI,Tadawul All Share Index,needs_verification,,quarterly,https://www.saudiexchange.sa/wps/portal/saudiexchange/markets/indices,2026-06-28,low,عضوية TASI بانتظار لقطة رسمية مؤرخة للمكونات.
2370,شركة الشرق الأوسط للكابلات المتخصصة,TASI,Tadawul All Share Index,needs_verification,,quarterly,https://www.saudiexchange.sa/wps/portal/saudiexchange/markets/indices,2026-06-28,low,عضوية TASI بانتظار لقطة رسمية مؤرخة للمكونات.
2380,بترو رابغ,TASI,Tadawul All Share Index,needs_verification,,quarterly,https://www.saudiexchange.sa/wps/portal/saudiexchange/markets/indices,2026-06-28,low,عضوية TASI بانتظار لقطة رسمية مؤرخة للمكونات.
2381,الحفر العربية,TASI,Tadawul All Share Index,needs_verification,,quarterly,https://www.saudiexchange.sa/wps/portal/saudiexchange/markets/indices,2026-06-28,low,عضوية TASI بانتظار لقطة رسمية مؤرخة للمكونات.
2382,أديس,TASI,Tadawul All Share Index,needs_verification,,quarterly,https://www.saudiexchange.sa/wps/portal/saudiexchange/markets/indices,2026-06-28,low,عضوية TASI بانتظار لقطة رسمية مؤرخة للمكونات.
3001,شركة أسمنت حائل,TASI,Tadawul All Share Index,needs_verification,,quarterly,https://www.saudiexchange.sa/wps/portal/saudiexchange/markets/indices,2026-06-28,low,عضوية TASI بانتظار لقطة رسمية مؤرخة للمكونات.
3002,شركة أسمنت نجران,TASI,Tadawul All Share Index,needs_verification,,quarterly,https://www.saudiexchange.sa/wps/portal/saudiexchange/markets/indices,2026-06-28,low,عضوية TASI بانتظار لقطة رسمية مؤرخة للمكونات.
3003,شركة أسمنت المدينة,TASI,Tadawul All Share Index,needs_verification,,quarterly,https://www.saudiexchange.sa/wps/portal/saudiexchange/markets/indices,2026-06-28,low,عضوية TASI بانتظار لقطة رسمية مؤرخة للمكونات.
3004,شركة أسمنت المنطقة الشمالية,TASI,Tadawul All Share Index,needs_verification,,quarterly,https://www.saudiexchange.sa/wps/portal/saudiexchange/markets/indices,2026-06-28,low,عضوية TASI بانتظار لقطة رسمية مؤرخة للمكونات.
3005,شركة أسمنت ام القرى,TASI,Tadawul All Share Index,needs_verification,,quarterly,https://www.saudiexchange.sa/wps/portal/saudiexchange/markets/indices,2026-06-28,low,عضوية TASI بانتظار لقطة رسمية مؤرخة للمكونات.
3007,شركة زهرة الواحة للتجارة,TASI,Tadawul All Share Index,needs_verification,,quarterly,https://www.saudiexchange.sa/wps/portal/saudiexchange/markets/indices,2026-06-28,low,عضوية TASI بانتظار لقطة رسمية مؤرخة للمكونات.
3008,شركة الكثيري القابضة,TASI,Tadawul All Share Index,needs_verification,,quarterly,https://www.saudiexchange.sa/wps/portal/saudiexchange/markets/indices,2026-06-28,low,عضوية TASI بانتظار لقطة رسمية مؤرخة للمكونات.
3010,شركة الأسمنت العربية,TASI,Tadawul All Share Index,needs_verification,,quarterly,https://www.saudiexchange.sa/wps/portal/saudiexchange/markets/indices,2026-06-28,low,عضوية TASI بانتظار لقطة رسمية مؤرخة للمكونات.
3020,شركة أسمنت اليمامة,TASI,Tadawul All Share Index,needs_verification,,quarterly,https://www.saudiexchange.sa/wps/portal/saudiexchange/markets/indices,2026-06-28,low,عضوية TASI بانتظار لقطة رسمية مؤرخة للمكونات.
3030,شركة الأسمنت السعودية,TASI,Tadawul All Share Index,needs_verification,,quarterly,https://www.saudiexchange.sa/wps/portal/saudiexchange/markets/indices,2026-06-28,low,عضوية TASI بانتظار لقطة رسمية مؤرخة للمكونات.
3040,شركة أسمنت القصيم,TASI,Tadawul All Share Index,needs_verification,,quarterly,https://www.saudiexchange.sa/wps/portal/saudiexchange/markets/indices,2026-06-28,low,عضوية TASI بانتظار لقطة رسمية مؤرخة للمكونات.
3050,شركة أسمنت المنطقة الجنوبية,TASI,Tadawul All Share Index,needs_verification,,quarterly,https://www.saudiexchange.sa/wps/portal/saudiexchange/markets/indices,2026-06-28,low,عضوية TASI بانتظار لقطة رسمية مؤرخة للمكونات.
3060,شركة أسمنت ينبع,TASI,Tadawul All Share Index,needs_verification,,quarterly,https://www.saudiexchange.sa/wps/portal/saudiexchange/markets/indices,2026-06-28,low,عضوية TASI بانتظار لقطة رسمية مؤرخة للمكونات.
3080,شركة أسمنت المنطقة الشرقية,TASI,Tadawul All Share Index,needs_verification,,quarterly,https://www.saudiexchange.sa/wps/portal/saudiexchange/markets/indices,2026-06-28,low,عضوية TASI بانتظار لقطة رسمية مؤرخة للمكونات.
3090,شركة أسمنت تبوك,TASI,Tadawul All Share Index,needs_verification,,quarterly,https://www.saudiexchange.sa/wps/portal/saudiexchange/markets/indices,2026-06-28,low,عضوية TASI بانتظار لقطة رسمية مؤرخة للمكونات.
3091,شركة أسمنت الجوف,TASI,Tadawul All Share Index,needs_verification,,quarterly,https://www.saudiexchange.sa/wps/portal/saudiexchange/markets/indices,2026-06-28,low,عضوية TASI بانتظار لقطة رسمية مؤرخة للمكونات.
3092,شركة أسمنت الرياض,TASI,Tadawul All Share Index,needs_verification,,quarterly,https://www.saudiexchange.sa/wps/portal/saudiexchange/markets/indices,2026-06-28,low,عضوية TASI بانتظار لقطة رسمية مؤرخة للمكونات.
4001,أسواق عبدالله العثيم,TASI,Tadawul All Share Index,needs_verification,,quarterly,https://www.saudiexchange.sa/wps/portal/saudiexchange/markets/indices,2026-06-28,low,عضوية TASI بانتظار لقطة رسمية مؤرخة للمكونات.
4002,المواساة,TASI,Tadawul All Share Index,needs_verification,,quarterly,https://www.saudiexchange.sa/wps/portal/saudiexchange/markets/indices,2026-06-28,low,عضوية TASI بانتظار لقطة رسمية مؤرخة للمكونات.
4003,إكسترا,TASI,Tadawul All Share Index,needs_verification,,quarterly,https://www.saudiexchange.sa/wps/portal/saudiexchange/markets/indices,2026-06-28,low,عضوية TASI بانتظار لقطة رسمية مؤرخة للمكونات.
4004,دله الصحية,TASI,Tadawul All Share Index,needs_verification,,quarterly,https://www.saudiexchange.sa/wps/portal/saudiexchange/markets/indices,2026-06-28,low,عضوية TASI بانتظار لقطة رسمية مؤرخة للمكونات.
4005,رعاية,TASI,Tadawul All Share Index,needs_verification,,quarterly,https://www.saudiexchange.sa/wps/portal/saudiexchange/markets/indices,2026-06-28,low,عضوية TASI بانتظار لقطة رسمية مؤرخة للمكونات.
4006,الشركة السعودية للتسويق,TASI,Tadawul All Share Index,needs_verification,,quarterly,https://www.saudiexchange.sa/wps/portal/saudiexchange/markets/indices,2026-06-28,low,عضوية TASI بانتظار لقطة رسمية مؤرخة للمكونات.
4007,الحمادي,TASI,Tadawul All Share Index,needs_verification,,quarterly,https://www.saudiexchange.sa/wps/portal/saudiexchange/markets/indices,2026-06-28,low,عضوية TASI بانتظار لقطة رسمية مؤرخة للمكونات.
4008,الشركة السعودية للعدد والأدوات,TASI,Tadawul All Share Index,needs_verification,,quarterly,https://www.saudiexchange.sa/wps/portal/saudiexchange/markets/indices,2026-06-28,low,عضوية TASI بانتظار لقطة رسمية مؤرخة للمكونات.
4009,السعودي الألماني الصحية,TASI,Tadawul All Share Index,needs_verification,,quarterly,https://www.saudiexchange.sa/wps/portal/saudiexchange/markets/indices,2026-06-28,low,عضوية TASI بانتظار لقطة رسمية مؤرخة للمكونات.
4010,شركة دور للضيافة,TASI,Tadawul All Share Index,needs_verification,,quarterly,https://www.saudiexchange.sa/wps/portal/saudiexchange/markets/indices,2026-06-28,low,عضوية TASI بانتظار لقطة رسمية مؤرخة للمكونات.
4011,شركة لازوردي للمجوهرات,TASI,Tadawul All Share Index,needs_verification,,quarterly,https://www.saudiexchange.sa/wps/portal/saudiexchange/markets/indices,2026-06-28,low,عضوية TASI بانتظار لقطة رسمية مؤرخة للمكونات.
4012,شركة ثوب الأصيل,TASI,Tadawul All Share Index,needs_verification,,quarterly,https://www.saudiexchange.sa/wps/portal/saudiexchange/markets/indices,2026-06-28,low,عضوية TASI بانتظار لقطة رسمية مؤرخة للمكونات.
4013,مجموعة سليمان الحبيب,TASI,Tadawul All Share Index,needs_verification,,quarterly,https://www.saudiexchange.sa/wps/portal/saudiexchange/markets/indices,2026-06-28,low,عضوية TASI بانتظار لقطة رسمية مؤرخة للمكونات.
4014,شركة دار المعدات الطبية والعلمية,TASI,Tadawul All Share Index,needs_verification,,quarterly,https://www.saudiexchange.sa/wps/portal/saudiexchange/markets/indices,2026-06-28,low,عضوية TASI بانتظار لقطة رسمية مؤرخة للمكونات.
4015,شركة مصنع جمجوم للأدوية,TASI,Tadawul All Share Index,needs_verification,,quarterly,https://www.saudiexchange.sa/wps/portal/saudiexchange/markets/indices,2026-06-28,low,عضوية TASI بانتظار لقطة رسمية مؤرخة للمكونات.
4016,شركة الشرق الأوسط للصناعات الدوائية,TASI,Tadawul All Share Index,needs_verification,,quarterly,https://www.saudiexchange.sa/wps/portal/saudiexchange/markets/indices,2026-06-28,low,عضوية TASI بانتظار لقطة رسمية مؤرخة للمكونات.
4017,فقيه الطبية,TASI,Tadawul All Share Index,needs_verification,,quarterly,https://www.saudiexchange.sa/wps/portal/saudiexchange/markets/indices,2026-06-28,low,عضوية TASI بانتظار لقطة رسمية مؤرخة للمكونات.
4018,شركة الموسى الصحية,TASI,Tadawul All Share Index,needs_verification,,quarterly,https://www.saudiexchange.sa/wps/portal/saudiexchange/markets/indices,2026-06-28,low,عضوية TASI بانتظار لقطة رسمية مؤرخة للمكونات.
4019,الشركة الطبية التخصصية,TASI,Tadawul All Share Index,needs_verification,,quarterly,https://www.saudiexchange.sa/wps/portal/saudiexchange/markets/indices,2026-06-28,low,عضوية TASI بانتظار لقطة رسمية مؤرخة للمكونات.
4020,الشركة العقارية السعودية,TASI,Tadawul All Share Index,needs_verification,,quarterly,https://www.saudiexchange.sa/wps/portal/saudiexchange/markets/indices,2026-06-28,low,عضوية TASI بانتظار لقطة رسمية مؤرخة للمكونات.
4021,شركة مجمع المركز الكندي الطبي العام,TASI,Tadawul All Share Index,needs_verification,,quarterly,https://www.saudiexchange.sa/wps/portal/saudiexchange/markets/indices,2026-06-28,low,عضوية TASI بانتظار لقطة رسمية مؤرخة للمكونات.
4030,البحري,TASI,Tadawul All Share Index,needs_verification,,quarterly,https://www.saudiexchange.sa/wps/portal/saudiexchange/markets/indices,2026-06-28,low,عضوية TASI بانتظار لقطة رسمية مؤرخة للمكونات.
4031,الخدمات الأرضية,TASI,Tadawul All Share Index,needs_verification,,quarterly,https://www.saudiexchange.sa/wps/portal/saudiexchange/markets/indices,2026-06-28,low,عضوية TASI بانتظار لقطة رسمية مؤرخة للمكونات.
4040,الشركة السعودية للنقل الجماعي,TASI,Tadawul All Share Index,needs_verification,,quarterly,https://www.saudiexchange.sa/wps/portal/saudiexchange/markets/indices,2026-06-28,low,عضوية TASI بانتظار لقطة رسمية مؤرخة للمكونات.
4050,الشركة السعودية لخدمات السيارات والمعدات,TASI,Tadawul All Share Index,needs_verification,,quarterly,https://www.saudiexchange.sa/wps/portal/saudiexchange/markets/indices,2026-06-28,low,عضوية TASI بانتظار لقطة رسمية مؤرخة للمكونات.
4051,شركة باعظيم التجارية,TASI,Tadawul All Share Index,needs_verification,,quarterly,https://www.saudiexchange.sa/wps/portal/saudiexchange/markets/indices,2026-06-28,low,عضوية TASI بانتظار لقطة رسمية مؤرخة للمكونات.
4061,مجموعة أنعام الدولية القابضة,TASI,Tadawul All Share Index,needs_verification,,quarterly,https://www.saudiexchange.sa/wps/portal/saudiexchange/markets/indices,2026-06-28,low,عضوية TASI بانتظار لقطة رسمية مؤرخة للمكونات.
4070,شركة تهامة للإعلان والعلاقات العامة والتسويق,TASI,Tadawul All Share Index,needs_verification,,quarterly,https://www.saudiexchange.sa/wps/portal/saudiexchange/markets/indices,2026-06-28,low,عضوية TASI بانتظار لقطة رسمية مؤرخة للمكونات.
4071,الشركة العربية للتعهدات الفنية,TASI,Tadawul All Share Index,needs_verification,,quarterly,https://www.saudiexchange.sa/wps/portal/saudiexchange/markets/indices,2026-06-28,low,عضوية TASI بانتظار لقطة رسمية مؤرخة للمكونات.
4072,شركة مجموعة إم بي سي,TASI,Tadawul All Share Index,needs_verification,,quarterly,https://www.saudiexchange.sa/wps/portal/saudiexchange/markets/indices,2026-06-28,low,عضوية TASI بانتظار لقطة رسمية مؤرخة للمكونات.
4080,شركة سناد القابضة,TASI,Tadawul All Share Index,needs_verification,,quarterly,https://www.saudiexchange.sa/wps/portal/saudiexchange/markets/indices,2026-06-28,low,عضوية TASI بانتظار لقطة رسمية مؤرخة للمكونات.
4081,شركة النايفات للتمويل,TASI,Tadawul All Share Index,needs_verification,,quarterly,https://www.saudiexchange.sa/wps/portal/saudiexchange/markets/indices,2026-06-28,low,عضوية TASI بانتظار لقطة رسمية مؤرخة للمكونات.
4082,شركة المرابحة المرنة للتمويل,TASI,Tadawul All Share Index,needs_verification,,quarterly,https://www.saudiexchange.sa/wps/portal/saudiexchange/markets/indices,2026-06-28,low,عضوية TASI بانتظار لقطة رسمية مؤرخة للمكونات.
4083,الشركة المتحدة الدولية القابضة,TASI,Tadawul All Share Index,needs_verification,,quarterly,https://www.saudiexchange.sa/wps/portal/saudiexchange/markets/indices,2026-06-28,low,عضوية TASI بانتظار لقطة رسمية مؤرخة للمكونات.
4084,شركة دراية المالية,TASI,Tadawul All Share Index,needs_verification,,quarterly,https://www.saudiexchange.sa/wps/portal/saudiexchange/markets/indices,2026-06-28,low,عضوية TASI بانتظار لقطة رسمية مؤرخة للمكونات.
4090,شركة طيبة للإستثمار,TASI,Tadawul All Share Index,needs_verification,,quarterly,https://www.saudiexchange.sa/wps/portal/saudiexchange/markets/indices,2026-06-28,low,عضوية TASI بانتظار لقطة رسمية مؤرخة للمكونات.
4100,شركة مكة للإنشاء والتعمير,TASI,Tadawul All Share Index,needs_verification,,quarterly,https://www.saudiexchange.sa/wps/portal/saudiexchange/markets/indices,2026-06-28,low,عضوية TASI بانتظار لقطة رسمية مؤرخة للمكونات.
4110,شركة باتك للإستثمار والأعمال اللوجستية,TASI,Tadawul All Share Index,needs_verification,,quarterly,https://www.saudiexchange.sa/wps/portal/saudiexchange/markets/indices,2026-06-28,low,عضوية TASI بانتظار لقطة رسمية مؤرخة للمكونات.
4130,شركة درب السعودية الأستثمارية,TASI,Tadawul All Share Index,needs_verification,,quarterly,https://www.saudiexchange.sa/wps/portal/saudiexchange/markets/indices,2026-06-28,low,عضوية TASI بانتظار لقطة رسمية مؤرخة للمكونات.
4140,الشركة السعودية للصادرات الصناعية,TASI,Tadawul All Share Index,needs_verification,,quarterly,https://www.saudiexchange.sa/wps/portal/saudiexchange/markets/indices,2026-06-28,low,عضوية TASI بانتظار لقطة رسمية مؤرخة للمكونات.
4141,شركة العمران للصناعة والتجارة,TASI,Tadawul All Share Index,needs_verification,,quarterly,https://www.saudiexchange.sa/wps/portal/saudiexchange/markets/indices,2026-06-28,low,عضوية TASI بانتظار لقطة رسمية مؤرخة للمكونات.
4142,شركة مجموعة كابلات الرياض,TASI,Tadawul All Share Index,needs_verification,,quarterly,https://www.saudiexchange.sa/wps/portal/saudiexchange/markets/indices,2026-06-28,low,عضوية TASI بانتظار لقطة رسمية مؤرخة للمكونات.
4143,شركة مجموعة التيسير تالكو الصناعية,TASI,Tadawul All Share Index,needs_verification,,quarterly,https://www.saudiexchange.sa/wps/portal/saudiexchange/markets/indices,2026-06-28,low,عضوية TASI بانتظار لقطة رسمية مؤرخة للمكونات.
4144,شركة رؤوم التجارية,TASI,Tadawul All Share Index,needs_verification,,quarterly,https://www.saudiexchange.sa/wps/portal/saudiexchange/markets/indices,2026-06-28,low,عضوية TASI بانتظار لقطة رسمية مؤرخة للمكونات.
4145,شركة العبيكان للزجاج,TASI,Tadawul All Share Index,needs_verification,,quarterly,https://www.saudiexchange.sa/wps/portal/saudiexchange/markets/indices,2026-06-28,low,عضوية TASI بانتظار لقطة رسمية مؤرخة للمكونات.
4146,شركة جاز العربية للخدمات,TASI,Tadawul All Share Index,needs_verification,,quarterly,https://www.saudiexchange.sa/wps/portal/saudiexchange/markets/indices,2026-06-28,low,عضوية TASI بانتظار لقطة رسمية مؤرخة للمكونات.
4147,شركة اتحاد جروننفلدر سعدي القابضة,TASI,Tadawul All Share Index,needs_verification,,quarterly,https://www.saudiexchange.sa/wps/portal/saudiexchange/markets/indices,2026-06-28,low,عضوية TASI بانتظار لقطة رسمية مؤرخة للمكونات.
4148,شركة الوسائل الصناعية,TASI,Tadawul All Share Index,needs_verification,,quarterly,https://www.saudiexchange.sa/wps/portal/saudiexchange/markets/indices,2026-06-28,low,عضوية TASI بانتظار لقطة رسمية مؤرخة للمكونات.
4150,شركة الرياض للتعمير,TASI,Tadawul All Share Index,needs_verification,,quarterly,https://www.saudiexchange.sa/wps/portal/saudiexchange/markets/indices,2026-06-28,low,عضوية TASI بانتظار لقطة رسمية مؤرخة للمكونات.
4160,شركة ثمار التنمية القابضة,TASI,Tadawul All Share Index,needs_verification,,quarterly,https://www.saudiexchange.sa/wps/portal/saudiexchange/markets/indices,2026-06-28,low,عضوية TASI بانتظار لقطة رسمية مؤرخة للمكونات.
4161,شركة بن داود القابضة,TASI,Tadawul All Share Index,needs_verification,,quarterly,https://www.saudiexchange.sa/wps/portal/saudiexchange/markets/indices,2026-06-28,low,عضوية TASI بانتظار لقطة رسمية مؤرخة للمكونات.
4162,شركة المنجم للأغذية,TASI,Tadawul All Share Index,needs_verification,,quarterly,https://www.saudiexchange.sa/wps/portal/saudiexchange/markets/indices,2026-06-28,low,عضوية TASI بانتظار لقطة رسمية مؤرخة للمكونات.
4163,الدواء,TASI,Tadawul All Share Index,needs_verification,,quarterly,https://www.saudiexchange.sa/wps/portal/saudiexchange/markets/indices,2026-06-28,low,عضوية TASI بانتظار لقطة رسمية مؤرخة للمكونات.
4164,النهدي الطبية,TASI,Tadawul All Share Index,needs_verification,,quarterly,https://www.saudiexchange.sa/wps/portal/saudiexchange/markets/indices,2026-06-28,low,عضوية TASI بانتظار لقطة رسمية مؤرخة للمكونات.
4165,شركة الماجد للعود,TASI,Tadawul All Share Index,needs_verification,,quarterly,https://www.saudiexchange.sa/wps/portal/saudiexchange/markets/indices,2026-06-28,low,عضوية TASI بانتظار لقطة رسمية مؤرخة للمكونات.
4170,شركة المشروعات السياحية,TASI,Tadawul All Share Index,needs_verification,,quarterly,https://www.saudiexchange.sa/wps/portal/saudiexchange/markets/indices,2026-06-28,low,عضوية TASI بانتظار لقطة رسمية مؤرخة للمكونات.
4180,مجموعة فتيحي القابضة,TASI,Tadawul All Share Index,needs_verification,,quarterly,https://www.saudiexchange.sa/wps/portal/saudiexchange/markets/indices,2026-06-28,low,عضوية TASI بانتظار لقطة رسمية مؤرخة للمكونات.
4190,جرير,TASI,Tadawul All Share Index,needs_verification,,quarterly,https://www.saudiexchange.sa/wps/portal/saudiexchange/markets/indices,2026-06-28,low,عضوية TASI بانتظار لقطة رسمية مؤرخة للمكونات.
4191,شركة عبد الله سعد محمد أبو معطي للمكتبات,TASI,Tadawul All Share Index,needs_verification,,quarterly,https://www.saudiexchange.sa/wps/portal/saudiexchange/markets/indices,2026-06-28,low,عضوية TASI بانتظار لقطة رسمية مؤرخة للمكونات.
4192,شركة متاجر السيف للتنمية والاستثمار,TASI,Tadawul All Share Index,needs_verification,,quarterly,https://www.saudiexchange.sa/wps/portal/saudiexchange/markets/indices,2026-06-28,low,عضوية TASI بانتظار لقطة رسمية مؤرخة للمكونات.
4193,شركة نايس ون بيوتي للتسويق الإلكتروني,TASI,Tadawul All Share Index,needs_verification,,quarterly,https://www.saudiexchange.sa/wps/portal/saudiexchange/markets/indices,2026-06-28,low,عضوية TASI بانتظار لقطة رسمية مؤرخة للمكونات.
4194,شركة مجموعة منزل التسويق للتجارة,TASI,Tadawul All Share Index,needs_verification,,quarterly,https://www.saudiexchange.sa/wps/portal/saudiexchange/markets/indices,2026-06-28,low,عضوية TASI بانتظار لقطة رسمية مؤرخة للمكونات.
4200,شركة الدريس للخدمات البترولية و النقليات,TASI,Tadawul All Share Index,needs_verification,,quarterly,https://www.saudiexchange.sa/wps/portal/saudiexchange/markets/indices,2026-06-28,low,عضوية TASI بانتظار لقطة رسمية مؤرخة للمكونات.
4210,المجموعة السعودية للأبحاث والإعلام,TASI,Tadawul All Share Index,needs_verification,,quarterly,https://www.saudiexchange.sa/wps/portal/saudiexchange/markets/indices,2026-06-28,low,عضوية TASI بانتظار لقطة رسمية مؤرخة للمكونات.
4220,إعمار المدينة الإقتصادية,TASI,Tadawul All Share Index,needs_verification,,quarterly,https://www.saudiexchange.sa/wps/portal/saudiexchange/markets/indices,2026-06-28,low,عضوية TASI بانتظار لقطة رسمية مؤرخة للمكونات.
4230,شركة البحر الأحمر العالمية,TASI,Tadawul All Share Index,needs_verification,,quarterly,https://www.saudiexchange.sa/wps/portal/saudiexchange/markets/indices,2026-06-28,low,عضوية TASI بانتظار لقطة رسمية مؤرخة للمكونات.
4240,شركة إيه إف جي إنترناشونال,TASI,Tadawul All Share Index,needs_verification,,quarterly,https://www.saudiexchange.sa/wps/portal/saudiexchange/markets/indices,2026-06-28,low,عضوية TASI بانتظار لقطة رسمية مؤرخة للمكونات.
4250,شركة جبل عمر للتطوير,TASI,Tadawul All Share Index,needs_verification,,quarterly,https://www.saudiexchange.sa/wps/portal/saudiexchange/markets/indices,2026-06-28,low,عضوية TASI بانتظار لقطة رسمية مؤرخة للمكونات.
4260,الشركة المتحدة الدولية للمواصلات,TASI,Tadawul All Share Index,needs_verification,,quarterly,https://www.saudiexchange.sa/wps/portal/saudiexchange/markets/indices,2026-06-28,low,عضوية TASI بانتظار لقطة رسمية مؤرخة للمكونات.
4261,شركة ذيب لتأجير السيارات,TASI,Tadawul All Share Index,needs_verification,,quarterly,https://www.saudiexchange.sa/wps/portal/saudiexchange/markets/indices,2026-06-28,low,عضوية TASI بانتظار لقطة رسمية مؤرخة للمكونات.
4262,شركة لومي للتأجير,TASI,Tadawul All Share Index,needs_verification,,quarterly,https://www.saudiexchange.sa/wps/portal/saudiexchange/markets/indices,2026-06-28,low,عضوية TASI بانتظار لقطة رسمية مؤرخة للمكونات.
4263,شركة سال السعودية للخدمات اللوجستية,TASI,Tadawul All Share Index,needs_verification,,quarterly,https://www.saudiexchange.sa/wps/portal/saudiexchange/markets/indices,2026-06-28,low,عضوية TASI بانتظار لقطة رسمية مؤرخة للمكونات.
4264,شركة طيران ناس,TASI,Tadawul All Share Index,needs_verification,,quarterly,https://www.saudiexchange.sa/wps/portal/saudiexchange/markets/indices,2026-06-28,low,عضوية TASI بانتظار لقطة رسمية مؤرخة للمكونات.
4265,شركة شري للتجارة,TASI,Tadawul All Share Index,needs_verification,,quarterly,https://www.saudiexchange.sa/wps/portal/saudiexchange/markets/indices,2026-06-28,low,عضوية TASI بانتظار لقطة رسمية مؤرخة للمكونات.
4270,الشركة السعودية للطباعة والتغليف,TASI,Tadawul All Share Index,needs_verification,,quarterly,https://www.saudiexchange.sa/wps/portal/saudiexchange/markets/indices,2026-06-28,low,عضوية TASI بانتظار لقطة رسمية مؤرخة للمكونات.
4280,شركة المملكة القابضة,TASI,Tadawul All Share Index,needs_verification,,quarterly,https://www.saudiexchange.sa/wps/portal/saudiexchange/markets/indices,2026-06-28,low,عضوية TASI بانتظار لقطة رسمية مؤرخة للمكونات.
4290,شركة الخليج للتدريب والتعليم,TASI,Tadawul All Share Index,needs_verification,,quarterly,https://www.saudiexchange.sa/wps/portal/saudiexchange/markets/indices,2026-06-28,low,عضوية TASI بانتظار لقطة رسمية مؤرخة للمكونات.
4291,الشركة الوطنية للتربية و التعليم,TASI,Tadawul All Share Index,needs_verification,,quarterly,https://www.saudiexchange.sa/wps/portal/saudiexchange/markets/indices,2026-06-28,low,عضوية TASI بانتظار لقطة رسمية مؤرخة للمكونات.
4292,شركة عطاء التعليمية,TASI,Tadawul All Share Index,needs_verification,,quarterly,https://www.saudiexchange.sa/wps/portal/saudiexchange/markets/indices,2026-06-28,low,عضوية TASI بانتظار لقطة رسمية مؤرخة للمكونات.
4300,دار الأركان,TASI,Tadawul All Share Index,needs_verification,,quarterly,https://www.saudiexchange.sa/wps/portal/saudiexchange/markets/indices,2026-06-28,low,عضوية TASI بانتظار لقطة رسمية مؤرخة للمكونات.
4310,مدينة المعرفة,TASI,Tadawul All Share Index,needs_verification,,quarterly,https://www.saudiexchange.sa/wps/portal/saudiexchange/markets/indices,2026-06-28,low,عضوية TASI بانتظار لقطة رسمية مؤرخة للمكونات.
4320,الأندلس,TASI,Tadawul All Share Index,needs_verification,,quarterly,https://www.saudiexchange.sa/wps/portal/saudiexchange/markets/indices,2026-06-28,low,عضوية TASI بانتظار لقطة رسمية مؤرخة للمكونات.
4321,المراكز العربية,TASI,Tadawul All Share Index,needs_verification,,quarterly,https://www.saudiexchange.sa/wps/portal/saudiexchange/markets/indices,2026-06-28,low,عضوية TASI بانتظار لقطة رسمية مؤرخة للمكونات.
4322,رتال,TASI,Tadawul All Share Index,needs_verification,,quarterly,https://www.saudiexchange.sa/wps/portal/saudiexchange/markets/indices,2026-06-28,low,عضوية TASI بانتظار لقطة رسمية مؤرخة للمكونات.
4323,شركة سمو العقارية,TASI,Tadawul All Share Index,needs_verification,,quarterly,https://www.saudiexchange.sa/wps/portal/saudiexchange/markets/indices,2026-06-28,low,عضوية TASI بانتظار لقطة رسمية مؤرخة للمكونات.
4324,شركة بنان العقارية,TASI,Tadawul All Share Index,needs_verification,,quarterly,https://www.saudiexchange.sa/wps/portal/saudiexchange/markets/indices,2026-06-28,low,عضوية TASI بانتظار لقطة رسمية مؤرخة للمكونات.
4325,شركة أم القرى للتنمية والإعمار,TASI,Tadawul All Share Index,needs_verification,,quarterly,https://www.saudiexchange.sa/wps/portal/saudiexchange/markets/indices,2026-06-28,low,عضوية TASI بانتظار لقطة رسمية مؤرخة للمكونات.
4326,شركة دار الماجد العقارية,TASI,Tadawul All Share Index,needs_verification,,quarterly,https://www.saudiexchange.sa/wps/portal/saudiexchange/markets/indices,2026-06-28,low,عضوية TASI بانتظار لقطة رسمية مؤرخة للمكونات.
4327,شركة الرمز للعقارات,TASI,Tadawul All Share Index,needs_verification,,quarterly,https://www.saudiexchange.sa/wps/portal/saudiexchange/markets/indices,2026-06-28,low,عضوية TASI بانتظار لقطة رسمية مؤرخة للمكونات.
5110,الشركة السعودية للطاقة,TASI,Tadawul All Share Index,needs_verification,,quarterly,https://www.saudiexchange.sa/wps/portal/saudiexchange/markets/indices,2026-06-28,low,عضوية TASI بانتظار لقطة رسمية مؤرخة للمكونات.
6001,حلواني إخوان,TASI,Tadawul All Share Index,needs_verification,,quarterly,https://www.saudiexchange.sa/wps/portal/saudiexchange/markets/indices,2026-06-28,low,عضوية TASI بانتظار لقطة رسمية مؤرخة للمكونات.
6002,هرفي للأغذية,TASI,Tadawul All Share Index,needs_verification,,quarterly,https://www.saudiexchange.sa/wps/portal/saudiexchange/markets/indices,2026-06-28,low,عضوية TASI بانتظار لقطة رسمية مؤرخة للمكونات.
6004,شركة كاتريون للتموين القابضة,TASI,Tadawul All Share Index,needs_verification,,quarterly,https://www.saudiexchange.sa/wps/portal/saudiexchange/markets/indices,2026-06-28,low,عضوية TASI بانتظار لقطة رسمية مؤرخة للمكونات.
6010,نادك,TASI,Tadawul All Share Index,needs_verification,,quarterly,https://www.saudiexchange.sa/wps/portal/saudiexchange/markets/indices,2026-06-28,low,عضوية TASI بانتظار لقطة رسمية مؤرخة للمكونات.
6012,شركة ريدان الغذائية,TASI,Tadawul All Share Index,needs_verification,,quarterly,https://www.saudiexchange.sa/wps/portal/saudiexchange/markets/indices,2026-06-28,low,عضوية TASI بانتظار لقطة رسمية مؤرخة للمكونات.
6013,شركة الأعمال التطويرية الغذائية,TASI,Tadawul All Share Index,needs_verification,,quarterly,https://www.saudiexchange.sa/wps/portal/saudiexchange/markets/indices,2026-06-28,low,عضوية TASI بانتظار لقطة رسمية مؤرخة للمكونات.
6014,شركة الآمار الغذائية,TASI,Tadawul All Share Index,needs_verification,,quarterly,https://www.saudiexchange.sa/wps/portal/saudiexchange/markets/indices,2026-06-28,low,عضوية TASI بانتظار لقطة رسمية مؤرخة للمكونات.
6015,شركة أمريكانا للمطاعم العالمية بي إل سي - شركة أجنبية,TASI,Tadawul All Share Index,needs_verification,,quarterly,https://www.saudiexchange.sa/wps/portal/saudiexchange/markets/indices,2026-06-28,low,عضوية TASI بانتظار لقطة رسمية مؤرخة للمكونات.
6016,شركة مطاعم بيت الشطيرة للوجبات السريعة,TASI,Tadawul All Share Index,needs_verification,,quarterly,https://www.saudiexchange.sa/wps/portal/saudiexchange/markets/indices,2026-06-28,low,عضوية TASI بانتظار لقطة رسمية مؤرخة للمكونات.
6017,شركة جاهز الدولية لتقنية نظم المعلومات,TASI,Tadawul All Share Index,needs_verification,,quarterly,https://www.saudiexchange.sa/wps/portal/saudiexchange/markets/indices,2026-06-28,low,عضوية TASI بانتظار لقطة رسمية مؤرخة للمكونات.
6018,شركة الأندية للرياضة,TASI,Tadawul All Share Index,needs_verification,,quarterly,https://www.saudiexchange.sa/wps/portal/saudiexchange/markets/indices,2026-06-28,low,عضوية TASI بانتظار لقطة رسمية مؤرخة للمكونات.
6019,شركة المسار الشامل للتعليم,TASI,Tadawul All Share Index,needs_verification,,quarterly,https://www.saudiexchange.sa/wps/portal/saudiexchange/markets/indices,2026-06-28,low,عضوية TASI بانتظار لقطة رسمية مؤرخة للمكونات.
6020,جاكو,TASI,Tadawul All Share Index,needs_verification,,quarterly,https://www.saudiexchange.sa/wps/portal/saudiexchange/markets/indices,2026-06-28,low,عضوية TASI بانتظار لقطة رسمية مؤرخة للمكونات.
6030,شركة حائل للتنمية الزراعية,TASI,Tadawul All Share Index,needs_verification,,quarterly,https://www.saudiexchange.sa/wps/portal/saudiexchange/markets/indices,2026-06-28,low,عضوية TASI بانتظار لقطة رسمية مؤرخة للمكونات.
6040,شركة تبوك للتنمية الزراعية,TASI,Tadawul All Share Index,needs_verification,,quarterly,https://www.saudiexchange.sa/wps/portal/saudiexchange/markets/indices,2026-06-28,low,عضوية TASI بانتظار لقطة رسمية مؤرخة للمكونات.
6050,الشركة السعودية للأسماك,TASI,Tadawul All Share Index,needs_verification,,quarterly,https://www.saudiexchange.sa/wps/portal/saudiexchange/markets/indices,2026-06-28,low,عضوية TASI بانتظار لقطة رسمية مؤرخة للمكونات.
6060,شركة الشرقية للتنمية,TASI,Tadawul All Share Index,needs_verification,,quarterly,https://www.saudiexchange.sa/wps/portal/saudiexchange/markets/indices,2026-06-28,low,عضوية TASI بانتظار لقطة رسمية مؤرخة للمكونات.
6070,شركة الجوف الزراعية,TASI,Tadawul All Share Index,needs_verification,,quarterly,https://www.saudiexchange.sa/wps/portal/saudiexchange/markets/indices,2026-06-28,low,عضوية TASI بانتظار لقطة رسمية مؤرخة للمكونات.
6080,شركة بيشة للتنمية الزراعية,TASI,Tadawul All Share Index,needs_verification,,quarterly,https://www.saudiexchange.sa/wps/portal/saudiexchange/markets/indices,2026-06-28,low,عضوية TASI بانتظار لقطة رسمية مؤرخة للمكونات.
6090,شركة جازان للتنمية والاستثمار,TASI,Tadawul All Share Index,needs_verification,,quarterly,https://www.saudiexchange.sa/wps/portal/saudiexchange/markets/indices,2026-06-28,low,عضوية TASI بانتظار لقطة رسمية مؤرخة للمكونات.
7010,stc,TASI,Tadawul All Share Index,needs_verification,,quarterly,https://www.saudiexchange.sa/wps/portal/saudiexchange/markets/indices,2026-06-28,low,عضوية TASI بانتظار لقطة رسمية مؤرخة للمكونات.
7020,اتحاد اتصالات,TASI,Tadawul All Share Index,needs_verification,,quarterly,https://www.saudiexchange.sa/wps/portal/saudiexchange/markets/indices,2026-06-28,low,عضوية TASI بانتظار لقطة رسمية مؤرخة للمكونات.
7030,زين السعودية,TASI,Tadawul All Share Index,needs_verification,,quarterly,https://www.saudiexchange.sa/wps/portal/saudiexchange/markets/indices,2026-06-28,low,عضوية TASI بانتظار لقطة رسمية مؤرخة للمكونات.
7040,عذيب للاتصالات,TASI,Tadawul All Share Index,needs_verification,,quarterly,https://www.saudiexchange.sa/wps/portal/saudiexchange/markets/indices,2026-06-28,low,عضوية TASI بانتظار لقطة رسمية مؤرخة للمكونات.
7200,شركة المعمر لأنظمة المعلومات,TASI,Tadawul All Share Index,needs_verification,,quarterly,https://www.saudiexchange.sa/wps/portal/saudiexchange/markets/indices,2026-06-28,low,عضوية TASI بانتظار لقطة رسمية مؤرخة للمكونات.
7201,شركة بحر العرب لأنظمة المعلومات,TASI,Tadawul All Share Index,needs_verification,,quarterly,https://www.saudiexchange.sa/wps/portal/saudiexchange/markets/indices,2026-06-28,low,عضوية TASI بانتظار لقطة رسمية مؤرخة للمكونات.
7202,سلوشنز,TASI,Tadawul All Share Index,needs_verification,,quarterly,https://www.saudiexchange.sa/wps/portal/saudiexchange/markets/indices,2026-06-28,low,عضوية TASI بانتظار لقطة رسمية مؤرخة للمكونات.
7203,شركة علم,TASI,Tadawul All Share Index,needs_verification,,quarterly,https://www.saudiexchange.sa/wps/portal/saudiexchange/markets/indices,2026-06-28,low,عضوية TASI بانتظار لقطة رسمية مؤرخة للمكونات.
7204,شركة العرض المتقن للخدمات التجارية,TASI,Tadawul All Share Index,needs_verification,,quarterly,https://www.saudiexchange.sa/wps/portal/saudiexchange/markets/indices,2026-06-28,low,عضوية TASI بانتظار لقطة رسمية مؤرخة للمكونات.
7205,شرکة دار البلد لحلول الأعمال,TASI,Tadawul All Share Index,needs_verification,,quarterly,https://www.saudiexchange.sa/wps/portal/saudiexchange/markets/indices,2026-06-28,low,عضوية TASI بانتظار لقطة رسمية مؤرخة للمكونات.
7211,شركة عزم السعودية للاتصالات وتقنية المعلومات,TASI,Tadawul All Share Index,needs_verification,,quarterly,https://www.saudiexchange.sa/wps/portal/saudiexchange/markets/indices,2026-06-28,low,عضوية TASI بانتظار لقطة رسمية مؤرخة للمكونات.
8010,التعاونية,TASI,Tadawul All Share Index,needs_verification,,quarterly,https://www.saudiexchange.sa/wps/portal/saudiexchange/markets/indices,2026-06-28,low,عضوية TASI بانتظار لقطة رسمية مؤرخة للمكونات.
8012,شركة الجزيرة تكافل تعاوني,TASI,Tadawul All Share Index,needs_verification,,quarterly,https://www.saudiexchange.sa/wps/portal/saudiexchange/markets/indices,2026-06-28,low,عضوية TASI بانتظار لقطة رسمية مؤرخة للمكونات.
8020,شركة ملاذ للتأمين التعاوني,TASI,Tadawul All Share Index,needs_verification,,quarterly,https://www.saudiexchange.sa/wps/portal/saudiexchange/markets/indices,2026-06-28,low,عضوية TASI بانتظار لقطة رسمية مؤرخة للمكونات.
8030,ميدغلف للتأمين,TASI,Tadawul All Share Index,needs_verification,,quarterly,https://www.saudiexchange.sa/wps/portal/saudiexchange/markets/indices,2026-06-28,low,عضوية TASI بانتظار لقطة رسمية مؤرخة للمكونات.
8040,شركة متكاملة للتأمين,TASI,Tadawul All Share Index,needs_verification,,quarterly,https://www.saudiexchange.sa/wps/portal/saudiexchange/markets/indices,2026-06-28,low,عضوية TASI بانتظار لقطة رسمية مؤرخة للمكونات.
8050,شركة سلامة للتأمين التعاوني,TASI,Tadawul All Share Index,needs_verification,,quarterly,https://www.saudiexchange.sa/wps/portal/saudiexchange/markets/indices,2026-06-28,low,عضوية TASI بانتظار لقطة رسمية مؤرخة للمكونات.
8060,ولاء,TASI,Tadawul All Share Index,needs_verification,,quarterly,https://www.saudiexchange.sa/wps/portal/saudiexchange/markets/indices,2026-06-28,low,عضوية TASI بانتظار لقطة رسمية مؤرخة للمكونات.
8070,شركة الدرع العربي للتأمين التعاوني,TASI,Tadawul All Share Index,needs_verification,,quarterly,https://www.saudiexchange.sa/wps/portal/saudiexchange/markets/indices,2026-06-28,low,عضوية TASI بانتظار لقطة رسمية مؤرخة للمكونات.
8100,الشركة العربية السعودية للتأمين التعاوني,TASI,Tadawul All Share Index,needs_verification,,quarterly,https://www.saudiexchange.sa/wps/portal/saudiexchange/markets/indices,2026-06-28,low,عضوية TASI بانتظار لقطة رسمية مؤرخة للمكونات.
8120,شركة إتحاد الخليج الأهلية للتأمين التعاوني,TASI,Tadawul All Share Index,needs_verification,,quarterly,https://www.saudiexchange.sa/wps/portal/saudiexchange/markets/indices,2026-06-28,low,عضوية TASI بانتظار لقطة رسمية مؤرخة للمكونات.
8150,المجموعة المتحدة للتأمين التعاوني,TASI,Tadawul All Share Index,needs_verification,,quarterly,https://www.saudiexchange.sa/wps/portal/saudiexchange/markets/indices,2026-06-28,low,عضوية TASI بانتظار لقطة رسمية مؤرخة للمكونات.
8160,شركة التأمين العربية التعاونية,TASI,Tadawul All Share Index,needs_verification,,quarterly,https://www.saudiexchange.sa/wps/portal/saudiexchange/markets/indices,2026-06-28,low,عضوية TASI بانتظار لقطة رسمية مؤرخة للمكونات.
8170,شركة الاتحاد للتأمين التعاوني,TASI,Tadawul All Share Index,needs_verification,,quarterly,https://www.saudiexchange.sa/wps/portal/saudiexchange/markets/indices,2026-06-28,low,عضوية TASI بانتظار لقطة رسمية مؤرخة للمكونات.
8180,شركة الصقر للتأمين التعاوني,TASI,Tadawul All Share Index,needs_verification,,quarterly,https://www.saudiexchange.sa/wps/portal/saudiexchange/markets/indices,2026-06-28,low,عضوية TASI بانتظار لقطة رسمية مؤرخة للمكونات.
8190,الشركة المتحدة للتأمين التعاوني,TASI,Tadawul All Share Index,needs_verification,,quarterly,https://www.saudiexchange.sa/wps/portal/saudiexchange/markets/indices,2026-06-28,low,عضوية TASI بانتظار لقطة رسمية مؤرخة للمكونات.
8200,الشركة السعودية لإعادة التأمين,TASI,Tadawul All Share Index,needs_verification,,quarterly,https://www.saudiexchange.sa/wps/portal/saudiexchange/markets/indices,2026-06-28,low,عضوية TASI بانتظار لقطة رسمية مؤرخة للمكونات.
8210,بوبا العربية,TASI,Tadawul All Share Index,needs_verification,,quarterly,https://www.saudiexchange.sa/wps/portal/saudiexchange/markets/indices,2026-06-28,low,عضوية TASI بانتظار لقطة رسمية مؤرخة للمكونات.
8230,تكافل الراجحي,TASI,Tadawul All Share Index,needs_verification,,quarterly,https://www.saudiexchange.sa/wps/portal/saudiexchange/markets/indices,2026-06-28,low,عضوية TASI بانتظار لقطة رسمية مؤرخة للمكونات.
8240,شركة تْشب العربية للتأمين التعاوني,TASI,Tadawul All Share Index,needs_verification,,quarterly,https://www.saudiexchange.sa/wps/portal/saudiexchange/markets/indices,2026-06-28,low,عضوية TASI بانتظار لقطة رسمية مؤرخة للمكونات.
8250,مجموعة الخليج للتأمين,TASI,Tadawul All Share Index,needs_verification,,quarterly,https://www.saudiexchange.sa/wps/portal/saudiexchange/markets/indices,2026-06-28,low,عضوية TASI بانتظار لقطة رسمية مؤرخة للمكونات.
8260,الشركة الخليجية العامة للتأمين التعاوني,TASI,Tadawul All Share Index,needs_verification,,quarterly,https://www.saudiexchange.sa/wps/portal/saudiexchange/markets/indices,2026-06-28,low,عضوية TASI بانتظار لقطة رسمية مؤرخة للمكونات.
8270,شركة بروج للتأمين التعاوني,TASI,Tadawul All Share Index,needs_verification,,quarterly,https://www.saudiexchange.sa/wps/portal/saudiexchange/markets/indices,2026-06-28,low,عضوية TASI بانتظار لقطة رسمية مؤرخة للمكونات.
8280,شركة ليفا للتأمين,TASI,Tadawul All Share Index,needs_verification,,quarterly,https://www.saudiexchange.sa/wps/portal/saudiexchange/markets/indices,2026-06-28,low,عضوية TASI بانتظار لقطة رسمية مؤرخة للمكونات.
8300,الشركة الوطنية للتأمين,TASI,Tadawul All Share Index,needs_verification,,quarterly,https://www.saudiexchange.sa/wps/portal/saudiexchange/markets/indices,2026-06-28,low,عضوية TASI بانتظار لقطة رسمية مؤرخة للمكونات.
8310,شركة أمانة للتأمين التعاوني,TASI,Tadawul All Share Index,needs_verification,,quarterly,https://www.saudiexchange.sa/wps/portal/saudiexchange/markets/indices,2026-06-28,low,عضوية TASI بانتظار لقطة رسمية مؤرخة للمكونات.
8311,شركة عناية السعودية للتأمين التعاوني,TASI,Tadawul All Share Index,needs_verification,,quarterly,https://www.saudiexchange.sa/wps/portal/saudiexchange/markets/indices,2026-06-28,low,عضوية TASI بانتظار لقطة رسمية مؤرخة للمكونات.
8312,شركة الإنماء طوكيو مارين,TASI,Tadawul All Share Index,needs_verification,,quarterly,https://www.saudiexchange.sa/wps/portal/saudiexchange/markets/indices,2026-06-28,low,عضوية TASI بانتظار لقطة رسمية مؤرخة للمكونات.
8313,شركة رسن لتقنية المعلومات,TASI,Tadawul All Share Index,needs_verification,,quarterly,https://www.saudiexchange.sa/wps/portal/saudiexchange/markets/indices,2026-06-28,low,عضوية TASI بانتظار لقطة رسمية مؤرخة للمكونات.
