symbol,official_profile_url,source_type
1010,https://www.saudiexchange.sa/wps/portal/saudiexchange/hidden/company-profile-main/%21ut/p/z1/04_Sj9CPykssy0xPLMnMz0vMAfIjo8ziTR3NDIw8LAz83d2MXA0C3SydAl1c3Q0NvE30I4EKzBEKDMKcTQzMDPxN3H19LAzdTU31w8syU8v1wwkpK8hOMgUA-oskdg%21%21/?companySymbol=1010,official
1020,https://www.saudiexchange.sa/wps/portal/saudiexchange/hidden/company-profile-main/%21ut/p/z1/04_Sj9CPykssy0xPLMnMz0vMAfIjo8ziTR3NDIw8LAz83d2MXA0C3SydAl1c3Q0NvE30I4EKzBEKDMKcTQzMDPxN3H19LAzdTU31w8syU8v1wwkpK8hOMgUA-oskdg%21%21/?companySymbol=1020,official
1030,https://www.saudiexchange.sa/wps/portal/saudiexchange/hidden/company-profile-main/%21ut/p/z1/04_Sj9CPykssy0xPLMnMz0vMAfIjo8ziTR3NDIw8LAz83d2MXA0C3SydAl1c3Q0NvE30I4EKzBEKDMKcTQzMDPxN3H19LAzdTU31w8syU8v1wwkpK8hOMgUA-oskdg%21%21/?companySymbol=1030,official
1050,https://www.saudiexchange.sa/wps/portal/saudiexchange/hidden/company-profile-main/%21ut/p/z1/04_Sj9CPykssy0xPLMnMz0vMAfIjo8ziTR3NDIw8LAz83d2MXA0C3SydAl1c3Q0NvE30I4EKzBEKDMKcTQzMDPxN3H19LAzdTU31w8syU8v1wwkpK8hOMgUA-oskdg%21%21/?companySymbol=1050,official
1060,https://www.saudiexchange.sa/wps/portal/saudiexchange/hidden/company-profile-main/%21ut/p/z1/04_Sj9CPykssy0xPLMnMz0vMAfIjo8ziTR3NDIw8LAz83d2MXA0C3SydAl1c3Q0NvE30I4EKzBEKDMKcTQzMDPxN3H19LAzdTU31w8syU8v1wwkpK8hOMgUA-oskdg%21%21/?companySymbol=1060,official
1080,https://www.saudiexchange.sa/wps/portal/saudiexchange/hidden/company-profile-main/%21ut/p/z1/04_Sj9CPykssy0xPLMnMz0vMAfIjo8ziTR3NDIw8LAz83d2MXA0C3SydAl1c3Q0NvE30I4EKzBEKDMKcTQzMDPxN3H19LAzdTU31w8syU8v1wwkpK8hOMgUA-oskdg%21%21/?companySymbol=1080,official
1111,https://www.saudiexchange.sa/wps/portal/saudiexchange/hidden/company-profile-main/%21ut/p/z1/04_Sj9CPykssy0xPLMnMz0vMAfIjo8ziTR3NDIw8LAz83d2MXA0C3SydAl1c3Q0NvE30I4EKzBEKDMKcTQzMDPxN3H19LAzdTU31w8syU8v1wwkpK8hOMgUA-oskdg%21%21/?companySymbol=1111,official
1120,https://www.saudiexchange.sa/wps/portal/saudiexchange/hidden/company-profile-main/%21ut/p/z1/04_Sj9CPykssy0xPLMnMz0vMAfIjo8ziTR3NDIw8LAz83d2MXA0C3SydAl1c3Q0NvE30I4EKzBEKDMKcTQzMDPxN3H19LAzdTU31w8syU8v1wwkpK8hOMgUA-oskdg%21%21/?companySymbol=1120,official
1140,https://www.saudiexchange.sa/wps/portal/saudiexchange/hidden/company-profile-main/%21ut/p/z1/04_Sj9CPykssy0xPLMnMz0vMAfIjo8ziTR3NDIw8LAz83d2MXA0C3SydAl1c3Q0NvE30I4EKzBEKDMKcTQzMDPxN3H19LAzdTU31w8syU8v1wwkpK8hOMgUA-oskdg%21%21/?companySymbol=1140,official
1150,https://www.saudiexchange.sa/wps/portal/saudiexchange/hidden/company-profile-main/%21ut/p/z1/04_Sj9CPykssy0xPLMnMz0vMAfIjo8ziTR3NDIw8LAz83d2MXA0C3SydAl1c3Q0NvE30I4EKzBEKDMKcTQzMDPxN3H19LAzdTU31w8syU8v1wwkpK8hOMgUA-oskdg%21%21/?companySymbol=1150,official
1180,https://www.saudiexchange.sa/wps/portal/saudiexchange/hidden/company-profile-main/%21ut/p/z1/04_Sj9CPykssy0xPLMnMz0vMAfIjo8ziTR3NDIw8LAz83d2MXA0C3SydAl1c3Q0NvE30I4EKzBEKDMKcTQzMDPxN3H19LAzdTU31w8syU8v1wwkpK8hOMgUA-oskdg%21%21/?companySymbol=1180,official
1182,https://www.saudiexchange.sa/wps/portal/saudiexchange/hidden/company-profile-main/%21ut/p/z1/04_Sj9CPykssy0xPLMnMz0vMAfIjo8ziTR3NDIw8LAz83d2MXA0C3SydAl1c3Q0NvE30I4EKzBEKDMKcTQzMDPxN3H19LAzdTU31w8syU8v1wwkpK8hOMgUA-oskdg%21%21/?companySymbol=1182,official
1183,https://www.saudiexchange.sa/wps/portal/saudiexchange/hidden/company-profile-main/%21ut/p/z1/04_Sj9CPykssy0xPLMnMz0vMAfIjo8ziTR3NDIw8LAz83d2MXA0C3SydAl1c3Q0NvE30I4EKzBEKDMKcTQzMDPxN3H19LAzdTU31w8syU8v1wwkpK8hOMgUA-oskdg%21%21/?companySymbol=1183,official
1201,https://www.saudiexchange.sa/wps/portal/saudiexchange/hidden/company-profile-main/%21ut/p/z1/04_Sj9CPykssy0xPLMnMz0vMAfIjo8ziTR3NDIw8LAz83d2MXA0C3SydAl1c3Q0NvE30I4EKzBEKDMKcTQzMDPxN3H19LAzdTU31w8syU8v1wwkpK8hOMgUA-oskdg%21%21/?companySymbol=1201,official
1202,https://www.saudiexchange.sa/wps/portal/saudiexchange/hidden/company-profile-main/%21ut/p/z1/04_Sj9CPykssy0xPLMnMz0vMAfIjo8ziTR3NDIw8LAz83d2MXA0C3SydAl1c3Q0NvE30I4EKzBEKDMKcTQzMDPxN3H19LAzdTU31w8syU8v1wwkpK8hOMgUA-oskdg%21%21/?companySymbol=1202,official
1210,https://www.saudiexchange.sa/wps/portal/saudiexchange/hidden/company-profile-main/%21ut/p/z1/04_Sj9CPykssy0xPLMnMz0vMAfIjo8ziTR3NDIw8LAz83d2MXA0C3SydAl1c3Q0NvE30I4EKzBEKDMKcTQzMDPxN3H19LAzdTU31w8syU8v1wwkpK8hOMgUA-oskdg%21%21/?companySymbol=1210,official
1211,https://www.saudiexchange.sa/wps/portal/saudiexchange/hidden/company-profile-main/%21ut/p/z1/04_Sj9CPykssy0xPLMnMz0vMAfIjo8ziTR3NDIw8LAz83d2MXA0C3SydAl1c3Q0NvE30I4EKzBEKDMKcTQzMDPxN3H19LAzdTU31w8syU8v1wwkpK8hOMgUA-oskdg%21%21/?companySymbol=1211,official
1301,https://www.saudiexchange.sa/wps/portal/saudiexchange/hidden/company-profile-main/%21ut/p/z1/04_Sj9CPykssy0xPLMnMz0vMAfIjo8ziTR3NDIw8LAz83d2MXA0C3SydAl1c3Q0NvE30I4EKzBEKDMKcTQzMDPxN3H19LAzdTU31w8syU8v1wwkpK8hOMgUA-oskdg%21%21/?companySymbol=1301,official
1302,https://www.saudiexchange.sa/wps/portal/saudiexchange/hidden/company-profile-main/%21ut/p/z1/04_Sj9CPykssy0xPLMnMz0vMAfIjo8ziTR3NDIw8LAz83d2MXA0C3SydAl1c3Q0NvE30I4EKzBEKDMKcTQzMDPxN3H19LAzdTU31w8syU8v1wwkpK8hOMgUA-oskdg%21%21/?companySymbol=1302,official
1303,https://www.saudiexchange.sa/wps/portal/saudiexchange/hidden/company-profile-main/%21ut/p/z1/04_Sj9CPykssy0xPLMnMz0vMAfIjo8ziTR3NDIw8LAz83d2MXA0C3SydAl1c3Q0NvE30I4EKzBEKDMKcTQzMDPxN3H19LAzdTU31w8syU8v1wwkpK8hOMgUA-oskdg%21%21/?companySymbol=1303,official
1304,https://www.saudiexchange.sa/wps/portal/saudiexchange/hidden/company-profile-main/%21ut/p/z1/04_Sj9CPykssy0xPLMnMz0vMAfIjo8ziTR3NDIw8LAz83d2MXA0C3SydAl1c3Q0NvE30I4EKzBEKDMKcTQzMDPxN3H19LAzdTU31w8syU8v1wwkpK8hOMgUA-oskdg%21%21/?companySymbol=1304,official
1320,https://www.saudiexchange.sa/wps/portal/saudiexchange/hidden/company-profile-main/%21ut/p/z1/04_Sj9CPykssy0xPLMnMz0vMAfIjo8ziTR3NDIw8LAz83d2MXA0C3SydAl1c3Q0NvE30I4EKzBEKDMKcTQzMDPxN3H19LAzdTU31w8syU8v1wwkpK8hOMgUA-oskdg%21%21/?companySymbol=1320,official
1321,https://www.saudiexchange.sa/wps/portal/saudiexchange/hidden/company-profile-main/%21ut/p/z1/04_Sj9CPykssy0xPLMnMz0vMAfIjo8ziTR3NDIw8LAz83d2MXA0C3SydAl1c3Q0NvE30I4EKzBEKDMKcTQzMDPxN3H19LAzdTU31w8syU8v1wwkpK8hOMgUA-oskdg%21%21/?companySymbol=1321,official
1322,https://www.saudiexchange.sa/wps/portal/saudiexchange/hidden/company-profile-main/%21ut/p/z1/04_Sj9CPykssy0xPLMnMz0vMAfIjo8ziTR3NDIw8LAz83d2MXA0C3SydAl1c3Q0NvE30I4EKzBEKDMKcTQzMDPxN3H19LAzdTU31w8syU8v1wwkpK8hOMgUA-oskdg%21%21/?companySymbol=1322,official
1323,https://www.saudiexchange.sa/wps/portal/saudiexchange/hidden/company-profile-main/%21ut/p/z1/04_Sj9CPykssy0xPLMnMz0vMAfIjo8ziTR3NDIw8LAz83d2MXA0C3SydAl1c3Q0NvE30I4EKzBEKDMKcTQzMDPxN3H19LAzdTU31w8syU8v1wwkpK8hOMgUA-oskdg%21%21/?companySymbol=1323,official
1820,https://www.saudiexchange.sa/wps/portal/saudiexchange/hidden/company-profile-main/%21ut/p/z1/04_Sj9CPykssy0xPLMnMz0vMAfIjo8ziTR3NDIw8LAz83d2MXA0C3SydAl1c3Q0NvE30I4EKzBEKDMKcTQzMDPxN3H19LAzdTU31w8syU8v1wwkpK8hOMgUA-oskdg%21%21/?companySymbol=1820,official
1830,https://www.saudiexchange.sa/wps/portal/saudiexchange/hidden/company-profile-main/%21ut/p/z1/04_Sj9CPykssy0xPLMnMz0vMAfIjo8ziTR3NDIw8LAz83d2MXA0C3SydAl1c3Q0NvE30I4EKzBEKDMKcTQzMDPxN3H19LAzdTU31w8syU8v1wwkpK8hOMgUA-oskdg%21%21/?companySymbol=1830,official
1831,https://www.saudiexchange.sa/wps/portal/saudiexchange/hidden/company-profile-main/%21ut/p/z1/04_Sj9CPykssy0xPLMnMz0vMAfIjo8ziTR3NDIw8LAz83d2MXA0C3SydAl1c3Q0NvE30I4EKzBEKDMKcTQzMDPxN3H19LAzdTU31w8syU8v1wwkpK8hOMgUA-oskdg%21%21/?companySymbol=1831,official
1832,https://www.saudiexchange.sa/wps/portal/saudiexchange/hidden/company-profile-main/%21ut/p/z1/04_Sj9CPykssy0xPLMnMz0vMAfIjo8ziTR3NDIw8LAz83d2MXA0C3SydAl1c3Q0NvE30I4EKzBEKDMKcTQzMDPxN3H19LAzdTU31w8syU8v1wwkpK8hOMgUA-oskdg%21%21/?companySymbol=1832,official
1833,https://www.saudiexchange.sa/wps/portal/saudiexchange/hidden/company-profile-main/%21ut/p/z1/04_Sj9CPykssy0xPLMnMz0vMAfIjo8ziTR3NDIw8LAz83d2MXA0C3SydAl1c3Q0NvE30I4EKzBEKDMKcTQzMDPxN3H19LAzdTU31w8syU8v1wwkpK8hOMgUA-oskdg%21%21/?companySymbol=1833,official
2001,https://www.saudiexchange.sa/wps/portal/saudiexchange/hidden/company-profile-main/%21ut/p/z1/04_Sj9CPykssy0xPLMnMz0vMAfIjo8ziTR3NDIw8LAz83d2MXA0C3SydAl1c3Q0NvE30I4EKzBEKDMKcTQzMDPxN3H19LAzdTU31w8syU8v1wwkpK8hOMgUA-oskdg%21%21/?companySymbol=2001,official
2002,https://www.saudiexchange.sa/wps/portal/saudiexchange/hidden/company-profile-main/%21ut/p/z1/04_Sj9CPykssy0xPLMnMz0vMAfIjo8ziTR3NDIw8LAz83d2MXA0C3SydAl1c3Q0NvE30I4EKzBEKDMKcTQzMDPxN3H19LAzdTU31w8syU8v1wwkpK8hOMgUA-oskdg%21%21/?companySymbol=2002,official
2010,https://www.saudiexchange.sa/wps/portal/saudiexchange/hidden/company-profile-main/%21ut/p/z1/04_Sj9CPykssy0xPLMnMz0vMAfIjo8ziTR3NDIw8LAz83d2MXA0C3SydAl1c3Q0NvE30I4EKzBEKDMKcTQzMDPxN3H19LAzdTU31w8syU8v1wwkpK8hOMgUA-oskdg%21%21/?companySymbol=2010,official
2020,https://www.saudiexchange.sa/wps/portal/saudiexchange/hidden/company-profile-main/%21ut/p/z1/04_Sj9CPykssy0xPLMnMz0vMAfIjo8ziTR3NDIw8LAz83d2MXA0C3SydAl1c3Q0NvE30I4EKzBEKDMKcTQzMDPxN3H19LAzdTU31w8syU8v1wwkpK8hOMgUA-oskdg%21%21/?companySymbol=2020,official
2030,https://www.saudiexchange.sa/wps/portal/saudiexchange/hidden/company-profile-main/%21ut/p/z1/04_Sj9CPykssy0xPLMnMz0vMAfIjo8ziTR3NDIw8LAz83d2MXA0C3SydAl1c3Q0NvE30I4EKzBEKDMKcTQzMDPxN3H19LAzdTU31w8syU8v1wwkpK8hOMgUA-oskdg%21%21/?companySymbol=2030,official
2040,https://www.saudiexchange.sa/wps/portal/saudiexchange/hidden/company-profile-main/%21ut/p/z1/04_Sj9CPykssy0xPLMnMz0vMAfIjo8ziTR3NDIw8LAz83d2MXA0C3SydAl1c3Q0NvE30I4EKzBEKDMKcTQzMDPxN3H19LAzdTU31w8syU8v1wwkpK8hOMgUA-oskdg%21%21/?companySymbol=2040,official
2050,https://www.saudiexchange.sa/wps/portal/saudiexchange/hidden/company-profile-main/%21ut/p/z1/04_Sj9CPykssy0xPLMnMz0vMAfIjo8ziTR3NDIw8LAz83d2MXA0C3SydAl1c3Q0NvE30I4EKzBEKDMKcTQzMDPxN3H19LAzdTU31w8syU8v1wwkpK8hOMgUA-oskdg%21%21/?companySymbol=2050,official
2060,https://www.saudiexchange.sa/wps/portal/saudiexchange/hidden/company-profile-main/%21ut/p/z1/04_Sj9CPykssy0xPLMnMz0vMAfIjo8ziTR3NDIw8LAz83d2MXA0C3SydAl1c3Q0NvE30I4EKzBEKDMKcTQzMDPxN3H19LAzdTU31w8syU8v1wwkpK8hOMgUA-oskdg%21%21/?companySymbol=2060,official
2070,https://www.saudiexchange.sa/wps/portal/saudiexchange/hidden/company-profile-main/%21ut/p/z1/04_Sj9CPykssy0xPLMnMz0vMAfIjo8ziTR3NDIw8LAz83d2MXA0C3SydAl1c3Q0NvE30I4EKzBEKDMKcTQzMDPxN3H19LAzdTU31w8syU8v1wwkpK8hOMgUA-oskdg%21%21/?companySymbol=2070,official
2080,https://www.saudiexchange.sa/wps/portal/saudiexchange/hidden/company-profile-main/%21ut/p/z1/04_Sj9CPykssy0xPLMnMz0vMAfIjo8ziTR3NDIw8LAz83d2MXA0C3SydAl1c3Q0NvE30I4EKzBEKDMKcTQzMDPxN3H19LAzdTU31w8syU8v1wwkpK8hOMgUA-oskdg%21%21/?companySymbol=2080,official
2081,https://www.saudiexchange.sa/wps/portal/saudiexchange/hidden/company-profile-main/%21ut/p/z1/04_Sj9CPykssy0xPLMnMz0vMAfIjo8ziTR3NDIw8LAz83d2MXA0C3SydAl1c3Q0NvE30I4EKzBEKDMKcTQzMDPxN3H19LAzdTU31w8syU8v1wwkpK8hOMgUA-oskdg%21%21/?companySymbol=2081,official
2082,https://www.saudiexchange.sa/wps/portal/saudiexchange/hidden/company-profile-main/%21ut/p/z1/04_Sj9CPykssy0xPLMnMz0vMAfIjo8ziTR3NDIw8LAz83d2MXA0C3SydAl1c3Q0NvE30I4EKzBEKDMKcTQzMDPxN3H19LAzdTU31w8syU8v1wwkpK8hOMgUA-oskdg%21%21/?companySymbol=2082,official
2083,https://www.saudiexchange.sa/wps/portal/saudiexchange/hidden/company-profile-main/%21ut/p/z1/04_Sj9CPykssy0xPLMnMz0vMAfIjo8ziTR3NDIw8LAz83d2MXA0C3SydAl1c3Q0NvE30I4EKzBEKDMKcTQzMDPxN3H19LAzdTU31w8syU8v1wwkpK8hOMgUA-oskdg%21%21/?companySymbol=2083,official
2084,https://www.saudiexchange.sa/wps/portal/saudiexchange/hidden/company-profile-main/%21ut/p/z1/04_Sj9CPykssy0xPLMnMz0vMAfIjo8ziTR3NDIw8LAz83d2MXA0C3SydAl1c3Q0NvE30I4EKzBEKDMKcTQzMDPxN3H19LAzdTU31w8syU8v1wwkpK8hOMgUA-oskdg%21%21/?companySymbol=2084,official
2090,https://www.saudiexchange.sa/wps/portal/saudiexchange/hidden/company-profile-main/%21ut/p/z1/04_Sj9CPykssy0xPLMnMz0vMAfIjo8ziTR3NDIw8LAz83d2MXA0C3SydAl1c3Q0NvE30I4EKzBEKDMKcTQzMDPxN3H19LAzdTU31w8syU8v1wwkpK8hOMgUA-oskdg%21%21/?companySymbol=2090,official
2100,https://www.saudiexchange.sa/wps/portal/saudiexchange/hidden/company-profile-main/%21ut/p/z1/04_Sj9CPykssy0xPLMnMz0vMAfIjo8ziTR3NDIw8LAz83d2MXA0C3SydAl1c3Q0NvE30I4EKzBEKDMKcTQzMDPxN3H19LAzdTU31w8syU8v1wwkpK8hOMgUA-oskdg%21%21/?companySymbol=2100,official
2110,https://www.saudiexchange.sa/wps/portal/saudiexchange/hidden/company-profile-main/%21ut/p/z1/04_Sj9CPykssy0xPLMnMz0vMAfIjo8ziTR3NDIw8LAz83d2MXA0C3SydAl1c3Q0NvE30I4EKzBEKDMKcTQzMDPxN3H19LAzdTU31w8syU8v1wwkpK8hOMgUA-oskdg%21%21/?companySymbol=2110,official
2150,https://www.saudiexchange.sa/wps/portal/saudiexchange/hidden/company-profile-main/%21ut/p/z1/04_Sj9CPykssy0xPLMnMz0vMAfIjo8ziTR3NDIw8LAz83d2MXA0C3SydAl1c3Q0NvE30I4EKzBEKDMKcTQzMDPxN3H19LAzdTU31w8syU8v1wwkpK8hOMgUA-oskdg%21%21/?companySymbol=2150,official
2160,https://www.saudiexchange.sa/wps/portal/saudiexchange/hidden/company-profile-main/%21ut/p/z1/04_Sj9CPykssy0xPLMnMz0vMAfIjo8ziTR3NDIw8LAz83d2MXA0C3SydAl1c3Q0NvE30I4EKzBEKDMKcTQzMDPxN3H19LAzdTU31w8syU8v1wwkpK8hOMgUA-oskdg%21%21/?companySymbol=2160,official
2170,https://www.saudiexchange.sa/wps/portal/saudiexchange/hidden/company-profile-main/%21ut/p/z1/04_Sj9CPykssy0xPLMnMz0vMAfIjo8ziTR3NDIw8LAz83d2MXA0C3SydAl1c3Q0NvE30I4EKzBEKDMKcTQzMDPxN3H19LAzdTU31w8syU8v1wwkpK8hOMgUA-oskdg%21%21/?companySymbol=2170,official
2200,https://www.saudiexchange.sa/wps/portal/saudiexchange/hidden/company-profile-main/%21ut/p/z1/04_Sj9CPykssy0xPLMnMz0vMAfIjo8ziTR3NDIw8LAz83d2MXA0C3SydAl1c3Q0NvE30I4EKzBEKDMKcTQzMDPxN3H19LAzdTU31w8syU8v1wwkpK8hOMgUA-oskdg%21%21/?companySymbol=2200,official
2210,https://www.saudiexchange.sa/wps/portal/saudiexchange/hidden/company-profile-main/%21ut/p/z1/04_Sj9CPykssy0xPLMnMz0vMAfIjo8ziTR3NDIw8LAz83d2MXA0C3SydAl1c3Q0NvE30I4EKzBEKDMKcTQzMDPxN3H19LAzdTU31w8syU8v1wwkpK8hOMgUA-oskdg%21%21/?companySymbol=2210,official
2220,https://www.saudiexchange.sa/wps/portal/saudiexchange/hidden/company-profile-main/%21ut/p/z1/04_Sj9CPykssy0xPLMnMz0vMAfIjo8ziTR3NDIw8LAz83d2MXA0C3SydAl1c3Q0NvE30I4EKzBEKDMKcTQzMDPxN3H19LAzdTU31w8syU8v1wwkpK8hOMgUA-oskdg%21%21/?companySymbol=2220,official
2222,https://www.saudiexchange.sa/wps/portal/saudiexchange/hidden/company-profile-main/%21ut/p/z1/04_Sj9CPykssy0xPLMnMz0vMAfIjo8ziTR3NDIw8LAz83d2MXA0C3SydAl1c3Q0NvE30I4EKzBEKDMKcTQzMDPxN3H19LAzdTU31w8syU8v1wwkpK8hOMgUA-oskdg%21%21/?companySymbol=2222,official
2223,https://www.saudiexchange.sa/wps/portal/saudiexchange/hidden/company-profile-main/%21ut/p/z1/04_Sj9CPykssy0xPLMnMz0vMAfIjo8ziTR3NDIw8LAz83d2MXA0C3SydAl1c3Q0NvE30I4EKzBEKDMKcTQzMDPxN3H19LAzdTU31w8syU8v1wwkpK8hOMgUA-oskdg%21%21/?companySymbol=2223,official
2230,https://www.saudiexchange.sa/wps/portal/saudiexchange/hidden/company-profile-main/%21ut/p/z1/04_Sj9CPykssy0xPLMnMz0vMAfIjo8ziTR3NDIw8LAz83d2MXA0C3SydAl1c3Q0NvE30I4EKzBEKDMKcTQzMDPxN3H19LAzdTU31w8syU8v1wwkpK8hOMgUA-oskdg%21%21/?companySymbol=2230,official
2240,https://www.saudiexchange.sa/wps/portal/saudiexchange/hidden/company-profile-main/%21ut/p/z1/04_Sj9CPykssy0xPLMnMz0vMAfIjo8ziTR3NDIw8LAz83d2MXA0C3SydAl1c3Q0NvE30I4EKzBEKDMKcTQzMDPxN3H19LAzdTU31w8syU8v1wwkpK8hOMgUA-oskdg%21%21/?companySymbol=2240,official
2250,https://www.saudiexchange.sa/wps/portal/saudiexchange/hidden/company-profile-main/%21ut/p/z1/04_Sj9CPykssy0xPLMnMz0vMAfIjo8ziTR3NDIw8LAz83d2MXA0C3SydAl1c3Q0NvE30I4EKzBEKDMKcTQzMDPxN3H19LAzdTU31w8syU8v1wwkpK8hOMgUA-oskdg%21%21/?companySymbol=2250,official
2260,https://www.saudiexchange.sa/wps/portal/saudiexchange/hidden/company-profile-main/%21ut/p/z1/04_Sj9CPykssy0xPLMnMz0vMAfIjo8ziTR3NDIw8LAz83d2MXA0C3SydAl1c3Q0NvE30I4EKzBEKDMKcTQzMDPxN3H19LAzdTU31w8syU8v1wwkpK8hOMgUA-oskdg%21%21/?companySymbol=2260,official
2270,https://www.saudiexchange.sa/wps/portal/saudiexchange/hidden/company-profile-main/%21ut/p/z1/04_Sj9CPykssy0xPLMnMz0vMAfIjo8ziTR3NDIw8LAz83d2MXA0C3SydAl1c3Q0NvE30I4EKzBEKDMKcTQzMDPxN3H19LAzdTU31w8syU8v1wwkpK8hOMgUA-oskdg%21%21/?companySymbol=2270,official
2280,https://www.saudiexchange.sa/wps/portal/saudiexchange/hidden/company-profile-main/%21ut/p/z1/04_Sj9CPykssy0xPLMnMz0vMAfIjo8ziTR3NDIw8LAz83d2MXA0C3SydAl1c3Q0NvE30I4EKzBEKDMKcTQzMDPxN3H19LAzdTU31w8syU8v1wwkpK8hOMgUA-oskdg%21%21/?companySymbol=2280,official
2281,https://www.saudiexchange.sa/wps/portal/saudiexchange/hidden/company-profile-main/%21ut/p/z1/04_Sj9CPykssy0xPLMnMz0vMAfIjo8ziTR3NDIw8LAz83d2MXA0C3SydAl1c3Q0NvE30I4EKzBEKDMKcTQzMDPxN3H19LAzdTU31w8syU8v1wwkpK8hOMgUA-oskdg%21%21/?companySymbol=2281,official
2282,https://www.saudiexchange.sa/wps/portal/saudiexchange/hidden/company-profile-main/%21ut/p/z1/04_Sj9CPykssy0xPLMnMz0vMAfIjo8ziTR3NDIw8LAz83d2MXA0C3SydAl1c3Q0NvE30I4EKzBEKDMKcTQzMDPxN3H19LAzdTU31w8syU8v1wwkpK8hOMgUA-oskdg%21%21/?companySymbol=2282,official
2283,https://www.saudiexchange.sa/wps/portal/saudiexchange/hidden/company-profile-main/%21ut/p/z1/04_Sj9CPykssy0xPLMnMz0vMAfIjo8ziTR3NDIw8LAz83d2MXA0C3SydAl1c3Q0NvE30I4EKzBEKDMKcTQzMDPxN3H19LAzdTU31w8syU8v1wwkpK8hOMgUA-oskdg%21%21/?companySymbol=2283,official
2284,https://www.saudiexchange.sa/wps/portal/saudiexchange/hidden/company-profile-main/%21ut/p/z1/04_Sj9CPykssy0xPLMnMz0vMAfIjo8ziTR3NDIw8LAz83d2MXA0C3SydAl1c3Q0NvE30I4EKzBEKDMKcTQzMDPxN3H19LAzdTU31w8syU8v1wwkpK8hOMgUA-oskdg%21%21/?companySymbol=2284,official
2285,https://www.saudiexchange.sa/wps/portal/saudiexchange/hidden/company-profile-main/%21ut/p/z1/04_Sj9CPykssy0xPLMnMz0vMAfIjo8ziTR3NDIw8LAz83d2MXA0C3SydAl1c3Q0NvE30I4EKzBEKDMKcTQzMDPxN3H19LAzdTU31w8syU8v1wwkpK8hOMgUA-oskdg%21%21/?companySymbol=2285,official
2286,https://www.saudiexchange.sa/wps/portal/saudiexchange/hidden/company-profile-main/%21ut/p/z1/04_Sj9CPykssy0xPLMnMz0vMAfIjo8ziTR3NDIw8LAz83d2MXA0C3SydAl1c3Q0NvE30I4EKzBEKDMKcTQzMDPxN3H19LAzdTU31w8syU8v1wwkpK8hOMgUA-oskdg%21%21/?companySymbol=2286,official
2287,https://www.saudiexchange.sa/wps/portal/saudiexchange/hidden/company-profile-main/%21ut/p/z1/04_Sj9CPykssy0xPLMnMz0vMAfIjo8ziTR3NDIw8LAz83d2MXA0C3SydAl1c3Q0NvE30I4EKzBEKDMKcTQzMDPxN3H19LAzdTU31w8syU8v1wwkpK8hOMgUA-oskdg%21%21/?companySymbol=2287,official
2288,https://www.saudiexchange.sa/wps/portal/saudiexchange/hidden/company-profile-main/%21ut/p/z1/04_Sj9CPykssy0xPLMnMz0vMAfIjo8ziTR3NDIw8LAz83d2MXA0C3SydAl1c3Q0NvE30I4EKzBEKDMKcTQzMDPxN3H19LAzdTU31w8syU8v1wwkpK8hOMgUA-oskdg%21%21/?companySymbol=2288,official
2290,https://www.saudiexchange.sa/wps/portal/saudiexchange/hidden/company-profile-main/%21ut/p/z1/04_Sj9CPykssy0xPLMnMz0vMAfIjo8ziTR3NDIw8LAz83d2MXA0C3SydAl1c3Q0NvE30I4EKzBEKDMKcTQzMDPxN3H19LAzdTU31w8syU8v1wwkpK8hOMgUA-oskdg%21%21/?companySymbol=2290,official
2300,https://www.saudiexchange.sa/wps/portal/saudiexchange/hidden/company-profile-main/%21ut/p/z1/04_Sj9CPykssy0xPLMnMz0vMAfIjo8ziTR3NDIw8LAz83d2MXA0C3SydAl1c3Q0NvE30I4EKzBEKDMKcTQzMDPxN3H19LAzdTU31w8syU8v1wwkpK8hOMgUA-oskdg%21%21/?companySymbol=2300,official
2310,https://www.saudiexchange.sa/wps/portal/saudiexchange/hidden/company-profile-main/%21ut/p/z1/04_Sj9CPykssy0xPLMnMz0vMAfIjo8ziTR3NDIw8LAz83d2MXA0C3SydAl1c3Q0NvE30I4EKzBEKDMKcTQzMDPxN3H19LAzdTU31w8syU8v1wwkpK8hOMgUA-oskdg%21%21/?companySymbol=2310,official
2320,https://www.saudiexchange.sa/wps/portal/saudiexchange/hidden/company-profile-main/%21ut/p/z1/04_Sj9CPykssy0xPLMnMz0vMAfIjo8ziTR3NDIw8LAz83d2MXA0C3SydAl1c3Q0NvE30I4EKzBEKDMKcTQzMDPxN3H19LAzdTU31w8syU8v1wwkpK8hOMgUA-oskdg%21%21/?companySymbol=2320,official
2330,https://www.saudiexchange.sa/wps/portal/saudiexchange/hidden/company-profile-main/%21ut/p/z1/04_Sj9CPykssy0xPLMnMz0vMAfIjo8ziTR3NDIw8LAz83d2MXA0C3SydAl1c3Q0NvE30I4EKzBEKDMKcTQzMDPxN3H19LAzdTU31w8syU8v1wwkpK8hOMgUA-oskdg%21%21/?companySymbol=2330,official
2350,https://www.saudiexchange.sa/wps/portal/saudiexchange/hidden/company-profile-main/%21ut/p/z1/04_Sj9CPykssy0xPLMnMz0vMAfIjo8ziTR3NDIw8LAz83d2MXA0C3SydAl1c3Q0NvE30I4EKzBEKDMKcTQzMDPxN3H19LAzdTU31w8syU8v1wwkpK8hOMgUA-oskdg%21%21/?companySymbol=2350,official
2360,https://www.saudiexchange.sa/wps/portal/saudiexchange/hidden/company-profile-main/%21ut/p/z1/04_Sj9CPykssy0xPLMnMz0vMAfIjo8ziTR3NDIw8LAz83d2MXA0C3SydAl1c3Q0NvE30I4EKzBEKDMKcTQzMDPxN3H19LAzdTU31w8syU8v1wwkpK8hOMgUA-oskdg%21%21/?companySymbol=2360,official
2370,https://www.saudiexchange.sa/wps/portal/saudiexchange/hidden/company-profile-main/%21ut/p/z1/04_Sj9CPykssy0xPLMnMz0vMAfIjo8ziTR3NDIw8LAz83d2MXA0C3SydAl1c3Q0NvE30I4EKzBEKDMKcTQzMDPxN3H19LAzdTU31w8syU8v1wwkpK8hOMgUA-oskdg%21%21/?companySymbol=2370,official
2380,https://www.saudiexchange.sa/wps/portal/saudiexchange/hidden/company-profile-main/%21ut/p/z1/04_Sj9CPykssy0xPLMnMz0vMAfIjo8ziTR3NDIw8LAz83d2MXA0C3SydAl1c3Q0NvE30I4EKzBEKDMKcTQzMDPxN3H19LAzdTU31w8syU8v1wwkpK8hOMgUA-oskdg%21%21/?companySymbol=2380,official
2381,https://www.saudiexchange.sa/wps/portal/saudiexchange/hidden/company-profile-main/%21ut/p/z1/04_Sj9CPykssy0xPLMnMz0vMAfIjo8ziTR3NDIw8LAz83d2MXA0C3SydAl1c3Q0NvE30I4EKzBEKDMKcTQzMDPxN3H19LAzdTU31w8syU8v1wwkpK8hOMgUA-oskdg%21%21/?companySymbol=2381,official
2382,https://www.saudiexchange.sa/wps/portal/saudiexchange/hidden/company-profile-main/%21ut/p/z1/04_Sj9CPykssy0xPLMnMz0vMAfIjo8ziTR3NDIw8LAz83d2MXA0C3SydAl1c3Q0NvE30I4EKzBEKDMKcTQzMDPxN3H19LAzdTU31w8syU8v1wwkpK8hOMgUA-oskdg%21%21/?companySymbol=2382,official
3001,https://www.saudiexchange.sa/wps/portal/saudiexchange/hidden/company-profile-main/%21ut/p/z1/04_Sj9CPykssy0xPLMnMz0vMAfIjo8ziTR3NDIw8LAz83d2MXA0C3SydAl1c3Q0NvE30I4EKzBEKDMKcTQzMDPxN3H19LAzdTU31w8syU8v1wwkpK8hOMgUA-oskdg%21%21/?companySymbol=3001,official
3002,https://www.saudiexchange.sa/wps/portal/saudiexchange/hidden/company-profile-main/%21ut/p/z1/04_Sj9CPykssy0xPLMnMz0vMAfIjo8ziTR3NDIw8LAz83d2MXA0C3SydAl1c3Q0NvE30I4EKzBEKDMKcTQzMDPxN3H19LAzdTU31w8syU8v1wwkpK8hOMgUA-oskdg%21%21/?companySymbol=3002,official
3003,https://www.saudiexchange.sa/wps/portal/saudiexchange/hidden/company-profile-main/%21ut/p/z1/04_Sj9CPykssy0xPLMnMz0vMAfIjo8ziTR3NDIw8LAz83d2MXA0C3SydAl1c3Q0NvE30I4EKzBEKDMKcTQzMDPxN3H19LAzdTU31w8syU8v1wwkpK8hOMgUA-oskdg%21%21/?companySymbol=3003,official
3004,https://www.saudiexchange.sa/wps/portal/saudiexchange/hidden/company-profile-main/%21ut/p/z1/04_Sj9CPykssy0xPLMnMz0vMAfIjo8ziTR3NDIw8LAz83d2MXA0C3SydAl1c3Q0NvE30I4EKzBEKDMKcTQzMDPxN3H19LAzdTU31w8syU8v1wwkpK8hOMgUA-oskdg%21%21/?companySymbol=3004,official
3005,https://www.saudiexchange.sa/wps/portal/saudiexchange/hidden/company-profile-main/%21ut/p/z1/04_Sj9CPykssy0xPLMnMz0vMAfIjo8ziTR3NDIw8LAz83d2MXA0C3SydAl1c3Q0NvE30I4EKzBEKDMKcTQzMDPxN3H19LAzdTU31w8syU8v1wwkpK8hOMgUA-oskdg%21%21/?companySymbol=3005,official
3007,https://www.saudiexchange.sa/wps/portal/saudiexchange/hidden/company-profile-main/%21ut/p/z1/04_Sj9CPykssy0xPLMnMz0vMAfIjo8ziTR3NDIw8LAz83d2MXA0C3SydAl1c3Q0NvE30I4EKzBEKDMKcTQzMDPxN3H19LAzdTU31w8syU8v1wwkpK8hOMgUA-oskdg%21%21/?companySymbol=3007,official
3008,https://www.saudiexchange.sa/wps/portal/saudiexchange/hidden/company-profile-main/%21ut/p/z1/04_Sj9CPykssy0xPLMnMz0vMAfIjo8ziTR3NDIw8LAz83d2MXA0C3SydAl1c3Q0NvE30I4EKzBEKDMKcTQzMDPxN3H19LAzdTU31w8syU8v1wwkpK8hOMgUA-oskdg%21%21/?companySymbol=3008,official
3010,https://www.saudiexchange.sa/wps/portal/saudiexchange/hidden/company-profile-main/%21ut/p/z1/04_Sj9CPykssy0xPLMnMz0vMAfIjo8ziTR3NDIw8LAz83d2MXA0C3SydAl1c3Q0NvE30I4EKzBEKDMKcTQzMDPxN3H19LAzdTU31w8syU8v1wwkpK8hOMgUA-oskdg%21%21/?companySymbol=3010,official
3020,https://www.saudiexchange.sa/wps/portal/saudiexchange/hidden/company-profile-main/%21ut/p/z1/04_Sj9CPykssy0xPLMnMz0vMAfIjo8ziTR3NDIw8LAz83d2MXA0C3SydAl1c3Q0NvE30I4EKzBEKDMKcTQzMDPxN3H19LAzdTU31w8syU8v1wwkpK8hOMgUA-oskdg%21%21/?companySymbol=3020,official
3030,https://www.saudiexchange.sa/wps/portal/saudiexchange/hidden/company-profile-main/%21ut/p/z1/04_Sj9CPykssy0xPLMnMz0vMAfIjo8ziTR3NDIw8LAz83d2MXA0C3SydAl1c3Q0NvE30I4EKzBEKDMKcTQzMDPxN3H19LAzdTU31w8syU8v1wwkpK8hOMgUA-oskdg%21%21/?companySymbol=3030,official
3040,https://www.saudiexchange.sa/wps/portal/saudiexchange/hidden/company-profile-main/%21ut/p/z1/04_Sj9CPykssy0xPLMnMz0vMAfIjo8ziTR3NDIw8LAz83d2MXA0C3SydAl1c3Q0NvE30I4EKzBEKDMKcTQzMDPxN3H19LAzdTU31w8syU8v1wwkpK8hOMgUA-oskdg%21%21/?companySymbol=3040,official
3050,https://www.saudiexchange.sa/wps/portal/saudiexchange/hidden/company-profile-main/%21ut/p/z1/04_Sj9CPykssy0xPLMnMz0vMAfIjo8ziTR3NDIw8LAz83d2MXA0C3SydAl1c3Q0NvE30I4EKzBEKDMKcTQzMDPxN3H19LAzdTU31w8syU8v1wwkpK8hOMgUA-oskdg%21%21/?companySymbol=3050,official
3060,https://www.saudiexchange.sa/wps/portal/saudiexchange/hidden/company-profile-main/%21ut/p/z1/04_Sj9CPykssy0xPLMnMz0vMAfIjo8ziTR3NDIw8LAz83d2MXA0C3SydAl1c3Q0NvE30I4EKzBEKDMKcTQzMDPxN3H19LAzdTU31w8syU8v1wwkpK8hOMgUA-oskdg%21%21/?companySymbol=3060,official
3080,https://www.saudiexchange.sa/wps/portal/saudiexchange/hidden/company-profile-main/%21ut/p/z1/04_Sj9CPykssy0xPLMnMz0vMAfIjo8ziTR3NDIw8LAz83d2MXA0C3SydAl1c3Q0NvE30I4EKzBEKDMKcTQzMDPxN3H19LAzdTU31w8syU8v1wwkpK8hOMgUA-oskdg%21%21/?companySymbol=3080,official
3090,https://www.saudiexchange.sa/wps/portal/saudiexchange/hidden/company-profile-main/%21ut/p/z1/04_Sj9CPykssy0xPLMnMz0vMAfIjo8ziTR3NDIw8LAz83d2MXA0C3SydAl1c3Q0NvE30I4EKzBEKDMKcTQzMDPxN3H19LAzdTU31w8syU8v1wwkpK8hOMgUA-oskdg%21%21/?companySymbol=3090,official
3091,https://www.saudiexchange.sa/wps/portal/saudiexchange/hidden/company-profile-main/%21ut/p/z1/04_Sj9CPykssy0xPLMnMz0vMAfIjo8ziTR3NDIw8LAz83d2MXA0C3SydAl1c3Q0NvE30I4EKzBEKDMKcTQzMDPxN3H19LAzdTU31w8syU8v1wwkpK8hOMgUA-oskdg%21%21/?companySymbol=3091,official
3092,https://www.saudiexchange.sa/wps/portal/saudiexchange/hidden/company-profile-main/%21ut/p/z1/04_Sj9CPykssy0xPLMnMz0vMAfIjo8ziTR3NDIw8LAz83d2MXA0C3SydAl1c3Q0NvE30I4EKzBEKDMKcTQzMDPxN3H19LAzdTU31w8syU8v1wwkpK8hOMgUA-oskdg%21%21/?companySymbol=3092,official
4001,https://www.saudiexchange.sa/wps/portal/saudiexchange/hidden/company-profile-main/%21ut/p/z1/04_Sj9CPykssy0xPLMnMz0vMAfIjo8ziTR3NDIw8LAz83d2MXA0C3SydAl1c3Q0NvE30I4EKzBEKDMKcTQzMDPxN3H19LAzdTU31w8syU8v1wwkpK8hOMgUA-oskdg%21%21/?companySymbol=4001,official
4002,https://www.saudiexchange.sa/wps/portal/saudiexchange/hidden/company-profile-main/%21ut/p/z1/04_Sj9CPykssy0xPLMnMz0vMAfIjo8ziTR3NDIw8LAz83d2MXA0C3SydAl1c3Q0NvE30I4EKzBEKDMKcTQzMDPxN3H19LAzdTU31w8syU8v1wwkpK8hOMgUA-oskdg%21%21/?companySymbol=4002,official
4003,https://www.saudiexchange.sa/wps/portal/saudiexchange/hidden/company-profile-main/%21ut/p/z1/04_Sj9CPykssy0xPLMnMz0vMAfIjo8ziTR3NDIw8LAz83d2MXA0C3SydAl1c3Q0NvE30I4EKzBEKDMKcTQzMDPxN3H19LAzdTU31w8syU8v1wwkpK8hOMgUA-oskdg%21%21/?companySymbol=4003,official
4004,https://www.saudiexchange.sa/wps/portal/saudiexchange/hidden/company-profile-main/%21ut/p/z1/04_Sj9CPykssy0xPLMnMz0vMAfIjo8ziTR3NDIw8LAz83d2MXA0C3SydAl1c3Q0NvE30I4EKzBEKDMKcTQzMDPxN3H19LAzdTU31w8syU8v1wwkpK8hOMgUA-oskdg%21%21/?companySymbol=4004,official
4005,https://www.saudiexchange.sa/wps/portal/saudiexchange/hidden/company-profile-main/%21ut/p/z1/04_Sj9CPykssy0xPLMnMz0vMAfIjo8ziTR3NDIw8LAz83d2MXA0C3SydAl1c3Q0NvE30I4EKzBEKDMKcTQzMDPxN3H19LAzdTU31w8syU8v1wwkpK8hOMgUA-oskdg%21%21/?companySymbol=4005,official
4006,https://www.saudiexchange.sa/wps/portal/saudiexchange/hidden/company-profile-main/%21ut/p/z1/04_Sj9CPykssy0xPLMnMz0vMAfIjo8ziTR3NDIw8LAz83d2MXA0C3SydAl1c3Q0NvE30I4EKzBEKDMKcTQzMDPxN3H19LAzdTU31w8syU8v1wwkpK8hOMgUA-oskdg%21%21/?companySymbol=4006,official
4007,https://www.saudiexchange.sa/wps/portal/saudiexchange/hidden/company-profile-main/%21ut/p/z1/04_Sj9CPykssy0xPLMnMz0vMAfIjo8ziTR3NDIw8LAz83d2MXA0C3SydAl1c3Q0NvE30I4EKzBEKDMKcTQzMDPxN3H19LAzdTU31w8syU8v1wwkpK8hOMgUA-oskdg%21%21/?companySymbol=4007,official
4008,https://www.saudiexchange.sa/wps/portal/saudiexchange/hidden/company-profile-main/%21ut/p/z1/04_Sj9CPykssy0xPLMnMz0vMAfIjo8ziTR3NDIw8LAz83d2MXA0C3SydAl1c3Q0NvE30I4EKzBEKDMKcTQzMDPxN3H19LAzdTU31w8syU8v1wwkpK8hOMgUA-oskdg%21%21/?companySymbol=4008,official
4009,https://www.saudiexchange.sa/wps/portal/saudiexchange/hidden/company-profile-main/%21ut/p/z1/04_Sj9CPykssy0xPLMnMz0vMAfIjo8ziTR3NDIw8LAz83d2MXA0C3SydAl1c3Q0NvE30I4EKzBEKDMKcTQzMDPxN3H19LAzdTU31w8syU8v1wwkpK8hOMgUA-oskdg%21%21/?companySymbol=4009,official
4011,https://www.saudiexchange.sa/wps/portal/saudiexchange/hidden/company-profile-main/%21ut/p/z1/04_Sj9CPykssy0xPLMnMz0vMAfIjo8ziTR3NDIw8LAz83d2MXA0C3SydAl1c3Q0NvE30I4EKzBEKDMKcTQzMDPxN3H19LAzdTU31w8syU8v1wwkpK8hOMgUA-oskdg%21%21/?companySymbol=4011,official
4012,https://www.saudiexchange.sa/wps/portal/saudiexchange/hidden/company-profile-main/%21ut/p/z1/04_Sj9CPykssy0xPLMnMz0vMAfIjo8ziTR3NDIw8LAz83d2MXA0C3SydAl1c3Q0NvE30I4EKzBEKDMKcTQzMDPxN3H19LAzdTU31w8syU8v1wwkpK8hOMgUA-oskdg%21%21/?companySymbol=4012,official
4013,https://www.saudiexchange.sa/wps/portal/saudiexchange/hidden/company-profile-main/%21ut/p/z1/04_Sj9CPykssy0xPLMnMz0vMAfIjo8ziTR3NDIw8LAz83d2MXA0C3SydAl1c3Q0NvE30I4EKzBEKDMKcTQzMDPxN3H19LAzdTU31w8syU8v1wwkpK8hOMgUA-oskdg%21%21/?companySymbol=4013,official
4014,https://www.saudiexchange.sa/wps/portal/saudiexchange/hidden/company-profile-main/%21ut/p/z1/04_Sj9CPykssy0xPLMnMz0vMAfIjo8ziTR3NDIw8LAz83d2MXA0C3SydAl1c3Q0NvE30I4EKzBEKDMKcTQzMDPxN3H19LAzdTU31w8syU8v1wwkpK8hOMgUA-oskdg%21%21/?companySymbol=4014,official
4015,https://www.saudiexchange.sa/wps/portal/saudiexchange/hidden/company-profile-main/%21ut/p/z1/04_Sj9CPykssy0xPLMnMz0vMAfIjo8ziTR3NDIw8LAz83d2MXA0C3SydAl1c3Q0NvE30I4EKzBEKDMKcTQzMDPxN3H19LAzdTU31w8syU8v1wwkpK8hOMgUA-oskdg%21%21/?companySymbol=4015,official
4016,https://www.saudiexchange.sa/wps/portal/saudiexchange/hidden/company-profile-main/%21ut/p/z1/04_Sj9CPykssy0xPLMnMz0vMAfIjo8ziTR3NDIw8LAz83d2MXA0C3SydAl1c3Q0NvE30I4EKzBEKDMKcTQzMDPxN3H19LAzdTU31w8syU8v1wwkpK8hOMgUA-oskdg%21%21/?companySymbol=4016,official
4017,https://www.saudiexchange.sa/wps/portal/saudiexchange/hidden/company-profile-main/%21ut/p/z1/04_Sj9CPykssy0xPLMnMz0vMAfIjo8ziTR3NDIw8LAz83d2MXA0C3SydAl1c3Q0NvE30I4EKzBEKDMKcTQzMDPxN3H19LAzdTU31w8syU8v1wwkpK8hOMgUA-oskdg%21%21/?companySymbol=4017,official
4018,https://www.saudiexchange.sa/wps/portal/saudiexchange/hidden/company-profile-main/%21ut/p/z1/04_Sj9CPykssy0xPLMnMz0vMAfIjo8ziTR3NDIw8LAz83d2MXA0C3SydAl1c3Q0NvE30I4EKzBEKDMKcTQzMDPxN3H19LAzdTU31w8syU8v1wwkpK8hOMgUA-oskdg%21%21/?companySymbol=4018,official
4019,https://www.saudiexchange.sa/wps/portal/saudiexchange/hidden/company-profile-main/%21ut/p/z1/04_Sj9CPykssy0xPLMnMz0vMAfIjo8ziTR3NDIw8LAz83d2MXA0C3SydAl1c3Q0NvE30I4EKzBEKDMKcTQzMDPxN3H19LAzdTU31w8syU8v1wwkpK8hOMgUA-oskdg%21%21/?companySymbol=4019,official
4020,https://www.saudiexchange.sa/wps/portal/saudiexchange/hidden/company-profile-main/%21ut/p/z1/04_Sj9CPykssy0xPLMnMz0vMAfIjo8ziTR3NDIw8LAz83d2MXA0C3SydAl1c3Q0NvE30I4EKzBEKDMKcTQzMDPxN3H19LAzdTU31w8syU8v1wwkpK8hOMgUA-oskdg%21%21/?companySymbol=4020,official
4021,https://www.saudiexchange.sa/wps/portal/saudiexchange/hidden/company-profile-main/%21ut/p/z1/04_Sj9CPykssy0xPLMnMz0vMAfIjo8ziTR3NDIw8LAz83d2MXA0C3SydAl1c3Q0NvE30I4EKzBEKDMKcTQzMDPxN3H19LAzdTU31w8syU8v1wwkpK8hOMgUA-oskdg%21%21/?companySymbol=4021,official
4030,https://www.saudiexchange.sa/wps/portal/saudiexchange/hidden/company-profile-main/%21ut/p/z1/04_Sj9CPykssy0xPLMnMz0vMAfIjo8ziTR3NDIw8LAz83d2MXA0C3SydAl1c3Q0NvE30I4EKzBEKDMKcTQzMDPxN3H19LAzdTU31w8syU8v1wwkpK8hOMgUA-oskdg%21%21/?companySymbol=4030,official
4031,https://www.saudiexchange.sa/wps/portal/saudiexchange/hidden/company-profile-main/%21ut/p/z1/04_Sj9CPykssy0xPLMnMz0vMAfIjo8ziTR3NDIw8LAz83d2MXA0C3SydAl1c3Q0NvE30I4EKzBEKDMKcTQzMDPxN3H19LAzdTU31w8syU8v1wwkpK8hOMgUA-oskdg%21%21/?companySymbol=4031,official
4040,https://www.saudiexchange.sa/wps/portal/saudiexchange/hidden/company-profile-main/%21ut/p/z1/04_Sj9CPykssy0xPLMnMz0vMAfIjo8ziTR3NDIw8LAz83d2MXA0C3SydAl1c3Q0NvE30I4EKzBEKDMKcTQzMDPxN3H19LAzdTU31w8syU8v1wwkpK8hOMgUA-oskdg%21%21/?companySymbol=4040,official
4050,https://www.saudiexchange.sa/wps/portal/saudiexchange/hidden/company-profile-main/%21ut/p/z1/04_Sj9CPykssy0xPLMnMz0vMAfIjo8ziTR3NDIw8LAz83d2MXA0C3SydAl1c3Q0NvE30I4EKzBEKDMKcTQzMDPxN3H19LAzdTU31w8syU8v1wwkpK8hOMgUA-oskdg%21%21/?companySymbol=4050,official
4051,https://www.saudiexchange.sa/wps/portal/saudiexchange/hidden/company-profile-main/%21ut/p/z1/04_Sj9CPykssy0xPLMnMz0vMAfIjo8ziTR3NDIw8LAz83d2MXA0C3SydAl1c3Q0NvE30I4EKzBEKDMKcTQzMDPxN3H19LAzdTU31w8syU8v1wwkpK8hOMgUA-oskdg%21%21/?companySymbol=4051,official
4081,https://www.saudiexchange.sa/wps/portal/saudiexchange/hidden/company-profile-main/%21ut/p/z1/04_Sj9CPykssy0xPLMnMz0vMAfIjo8ziTR3NDIw8LAz83d2MXA0C3SydAl1c3Q0NvE30I4EKzBEKDMKcTQzMDPxN3H19LAzdTU31w8syU8v1wwkpK8hOMgUA-oskdg%21%21/?companySymbol=4081,official
4082,https://www.saudiexchange.sa/wps/portal/saudiexchange/hidden/company-profile-main/%21ut/p/z1/04_Sj9CPykssy0xPLMnMz0vMAfIjo8ziTR3NDIw8LAz83d2MXA0C3SydAl1c3Q0NvE30I4EKzBEKDMKcTQzMDPxN3H19LAzdTU31w8syU8v1wwkpK8hOMgUA-oskdg%21%21/?companySymbol=4082,official
4084,https://www.saudiexchange.sa/wps/portal/saudiexchange/hidden/company-profile-main/%21ut/p/z1/04_Sj9CPykssy0xPLMnMz0vMAfIjo8ziTR3NDIw8LAz83d2MXA0C3SydAl1c3Q0NvE30I4EKzBEKDMKcTQzMDPxN3H19LAzdTU31w8syU8v1wwkpK8hOMgUA-oskdg%21%21/?companySymbol=4084,official
4090,https://www.saudiexchange.sa/wps/portal/saudiexchange/hidden/company-profile-main/%21ut/p/z1/04_Sj9CPykssy0xPLMnMz0vMAfIjo8ziTR3NDIw8LAz83d2MXA0C3SydAl1c3Q0NvE30I4EKzBEKDMKcTQzMDPxN3H19LAzdTU31w8syU8v1wwkpK8hOMgUA-oskdg%21%21/?companySymbol=4090,official
4100,https://www.saudiexchange.sa/wps/portal/saudiexchange/hidden/company-profile-main/%21ut/p/z1/04_Sj9CPykssy0xPLMnMz0vMAfIjo8ziTR3NDIw8LAz83d2MXA0C3SydAl1c3Q0NvE30I4EKzBEKDMKcTQzMDPxN3H19LAzdTU31w8syU8v1wwkpK8hOMgUA-oskdg%21%21/?companySymbol=4100,official
4110,https://www.saudiexchange.sa/wps/portal/saudiexchange/hidden/company-profile-main/%21ut/p/z1/04_Sj9CPykssy0xPLMnMz0vMAfIjo8ziTR3NDIw8LAz83d2MXA0C3SydAl1c3Q0NvE30I4EKzBEKDMKcTQzMDPxN3H19LAzdTU31w8syU8v1wwkpK8hOMgUA-oskdg%21%21/?companySymbol=4110,official
4141,https://www.saudiexchange.sa/wps/portal/saudiexchange/hidden/company-profile-main/%21ut/p/z1/04_Sj9CPykssy0xPLMnMz0vMAfIjo8ziTR3NDIw8LAz83d2MXA0C3SydAl1c3Q0NvE30I4EKzBEKDMKcTQzMDPxN3H19LAzdTU31w8syU8v1wwkpK8hOMgUA-oskdg%21%21/?companySymbol=4141,official
4142,https://www.saudiexchange.sa/wps/portal/saudiexchange/hidden/company-profile-main/%21ut/p/z1/04_Sj9CPykssy0xPLMnMz0vMAfIjo8ziTR3NDIw8LAz83d2MXA0C3SydAl1c3Q0NvE30I4EKzBEKDMKcTQzMDPxN3H19LAzdTU31w8syU8v1wwkpK8hOMgUA-oskdg%21%21/?companySymbol=4142,official
4143,https://www.saudiexchange.sa/wps/portal/saudiexchange/hidden/company-profile-main/%21ut/p/z1/04_Sj9CPykssy0xPLMnMz0vMAfIjo8ziTR3NDIw8LAz83d2MXA0C3SydAl1c3Q0NvE30I4EKzBEKDMKcTQzMDPxN3H19LAzdTU31w8syU8v1wwkpK8hOMgUA-oskdg%21%21/?companySymbol=4143,official
4145,https://www.saudiexchange.sa/wps/portal/saudiexchange/hidden/company-profile-main/%21ut/p/z1/04_Sj9CPykssy0xPLMnMz0vMAfIjo8ziTR3NDIw8LAz83d2MXA0C3SydAl1c3Q0NvE30I4EKzBEKDMKcTQzMDPxN3H19LAzdTU31w8syU8v1wwkpK8hOMgUA-oskdg%21%21/?companySymbol=4145,official
4146,https://www.saudiexchange.sa/wps/portal/saudiexchange/hidden/company-profile-main/%21ut/p/z1/04_Sj9CPykssy0xPLMnMz0vMAfIjo8ziTR3NDIw8LAz83d2MXA0C3SydAl1c3Q0NvE30I4EKzBEKDMKcTQzMDPxN3H19LAzdTU31w8syU8v1wwkpK8hOMgUA-oskdg%21%21/?companySymbol=4146,official
4148,https://www.saudiexchange.sa/wps/portal/saudiexchange/hidden/company-profile-main/%21ut/p/z1/04_Sj9CPykssy0xPLMnMz0vMAfIjo8ziTR3NDIw8LAz83d2MXA0C3SydAl1c3Q0NvE30I4EKzBEKDMKcTQzMDPxN3H19LAzdTU31w8syU8v1wwkpK8hOMgUA-oskdg%21%21/?companySymbol=4148,official
4150,https://www.saudiexchange.sa/wps/portal/saudiexchange/hidden/company-profile-main/%21ut/p/z1/04_Sj9CPykssy0xPLMnMz0vMAfIjo8ziTR3NDIw8LAz83d2MXA0C3SydAl1c3Q0NvE30I4EKzBEKDMKcTQzMDPxN3H19LAzdTU31w8syU8v1wwkpK8hOMgUA-oskdg%21%21/?companySymbol=4150,official
4163,https://www.saudiexchange.sa/wps/portal/saudiexchange/hidden/company-profile-main/%21ut/p/z1/04_Sj9CPykssy0xPLMnMz0vMAfIjo8ziTR3NDIw8LAz83d2MXA0C3SydAl1c3Q0NvE30I4EKzBEKDMKcTQzMDPxN3H19LAzdTU31w8syU8v1wwkpK8hOMgUA-oskdg%21%21/?companySymbol=4163,official
4164,https://www.saudiexchange.sa/wps/portal/saudiexchange/hidden/company-profile-main/%21ut/p/z1/04_Sj9CPykssy0xPLMnMz0vMAfIjo8ziTR3NDIw8LAz83d2MXA0C3SydAl1c3Q0NvE30I4EKzBEKDMKcTQzMDPxN3H19LAzdTU31w8syU8v1wwkpK8hOMgUA-oskdg%21%21/?companySymbol=4164,official
4170,https://www.saudiexchange.sa/wps/portal/saudiexchange/hidden/company-profile-main/%21ut/p/z1/04_Sj9CPykssy0xPLMnMz0vMAfIjo8ziTR3NDIw8LAz83d2MXA0C3SydAl1c3Q0NvE30I4EKzBEKDMKcTQzMDPxN3H19LAzdTU31w8syU8v1wwkpK8hOMgUA-oskdg%21%21/?companySymbol=4170,official
4190,https://www.saudiexchange.sa/wps/portal/saudiexchange/hidden/company-profile-main/%21ut/p/z1/04_Sj9CPykssy0xPLMnMz0vMAfIjo8ziTR3NDIw8LAz83d2MXA0C3SydAl1c3Q0NvE30I4EKzBEKDMKcTQzMDPxN3H19LAzdTU31w8syU8v1wwkpK8hOMgUA-oskdg%21%21/?companySymbol=4190,official
4191,https://www.saudiexchange.sa/wps/portal/saudiexchange/hidden/company-profile-main/%21ut/p/z1/04_Sj9CPykssy0xPLMnMz0vMAfIjo8ziTR3NDIw8LAz83d2MXA0C3SydAl1c3Q0NvE30I4EKzBEKDMKcTQzMDPxN3H19LAzdTU31w8syU8v1wwkpK8hOMgUA-oskdg%21%21/?companySymbol=4191,official
4192,https://www.saudiexchange.sa/wps/portal/saudiexchange/hidden/company-profile-main/%21ut/p/z1/04_Sj9CPykssy0xPLMnMz0vMAfIjo8ziTR3NDIw8LAz83d2MXA0C3SydAl1c3Q0NvE30I4EKzBEKDMKcTQzMDPxN3H19LAzdTU31w8syU8v1wwkpK8hOMgUA-oskdg%21%21/?companySymbol=4192,official
4193,https://www.saudiexchange.sa/wps/portal/saudiexchange/hidden/company-profile-main/%21ut/p/z1/04_Sj9CPykssy0xPLMnMz0vMAfIjo8ziTR3NDIw8LAz83d2MXA0C3SydAl1c3Q0NvE30I4EKzBEKDMKcTQzMDPxN3H19LAzdTU31w8syU8v1wwkpK8hOMgUA-oskdg%21%21/?companySymbol=4193,official
4194,https://www.saudiexchange.sa/wps/portal/saudiexchange/hidden/company-profile-main/%21ut/p/z1/04_Sj9CPykssy0xPLMnMz0vMAfIjo8ziTR3NDIw8LAz83d2MXA0C3SydAl1c3Q0NvE30I4EKzBEKDMKcTQzMDPxN3H19LAzdTU31w8syU8v1wwkpK8hOMgUA-oskdg%21%21/?companySymbol=4194,official
4220,https://www.saudiexchange.sa/wps/portal/saudiexchange/hidden/company-profile-main/%21ut/p/z1/04_Sj9CPykssy0xPLMnMz0vMAfIjo8ziTR3NDIw8LAz83d2MXA0C3SydAl1c3Q0NvE30I4EKzBEKDMKcTQzMDPxN3H19LAzdTU31w8syU8v1wwkpK8hOMgUA-oskdg%21%21/?companySymbol=4220,official
4230,https://www.saudiexchange.sa/wps/portal/saudiexchange/hidden/company-profile-main/%21ut/p/z1/04_Sj9CPykssy0xPLMnMz0vMAfIjo8ziTR3NDIw8LAz83d2MXA0C3SydAl1c3Q0NvE30I4EKzBEKDMKcTQzMDPxN3H19LAzdTU31w8syU8v1wwkpK8hOMgUA-oskdg%21%21/?companySymbol=4230,official
4240,https://www.saudiexchange.sa/wps/portal/saudiexchange/hidden/company-profile-main/%21ut/p/z1/04_Sj9CPykssy0xPLMnMz0vMAfIjo8ziTR3NDIw8LAz83d2MXA0C3SydAl1c3Q0NvE30I4EKzBEKDMKcTQzMDPxN3H19LAzdTU31w8syU8v1wwkpK8hOMgUA-oskdg%21%21/?companySymbol=4240,official
4250,https://www.saudiexchange.sa/wps/portal/saudiexchange/hidden/company-profile-main/%21ut/p/z1/04_Sj9CPykssy0xPLMnMz0vMAfIjo8ziTR3NDIw8LAz83d2MXA0C3SydAl1c3Q0NvE30I4EKzBEKDMKcTQzMDPxN3H19LAzdTU31w8syU8v1wwkpK8hOMgUA-oskdg%21%21/?companySymbol=4250,official
4260,https://www.saudiexchange.sa/wps/portal/saudiexchange/hidden/company-profile-main/%21ut/p/z1/04_Sj9CPykssy0xPLMnMz0vMAfIjo8ziTR3NDIw8LAz83d2MXA0C3SydAl1c3Q0NvE30I4EKzBEKDMKcTQzMDPxN3H19LAzdTU31w8syU8v1wwkpK8hOMgUA-oskdg%21%21/?companySymbol=4260,official
4261,https://www.saudiexchange.sa/wps/portal/saudiexchange/hidden/company-profile-main/%21ut/p/z1/04_Sj9CPykssy0xPLMnMz0vMAfIjo8ziTR3NDIw8LAz83d2MXA0C3SydAl1c3Q0NvE30I4EKzBEKDMKcTQzMDPxN3H19LAzdTU31w8syU8v1wwkpK8hOMgUA-oskdg%21%21/?companySymbol=4261,official
4262,https://www.saudiexchange.sa/wps/portal/saudiexchange/hidden/company-profile-main/%21ut/p/z1/04_Sj9CPykssy0xPLMnMz0vMAfIjo8ziTR3NDIw8LAz83d2MXA0C3SydAl1c3Q0NvE30I4EKzBEKDMKcTQzMDPxN3H19LAzdTU31w8syU8v1wwkpK8hOMgUA-oskdg%21%21/?companySymbol=4262,official
4263,https://www.saudiexchange.sa/wps/portal/saudiexchange/hidden/company-profile-main/%21ut/p/z1/04_Sj9CPykssy0xPLMnMz0vMAfIjo8ziTR3NDIw8LAz83d2MXA0C3SydAl1c3Q0NvE30I4EKzBEKDMKcTQzMDPxN3H19LAzdTU31w8syU8v1wwkpK8hOMgUA-oskdg%21%21/?companySymbol=4263,official
4264,https://www.saudiexchange.sa/wps/portal/saudiexchange/hidden/company-profile-main/%21ut/p/z1/04_Sj9CPykssy0xPLMnMz0vMAfIjo8ziTR3NDIw8LAz83d2MXA0C3SydAl1c3Q0NvE30I4EKzBEKDMKcTQzMDPxN3H19LAzdTU31w8syU8v1wwkpK8hOMgUA-oskdg%21%21/?companySymbol=4264,official
4265,https://www.saudiexchange.sa/wps/portal/saudiexchange/hidden/company-profile-main/%21ut/p/z1/04_Sj9CPykssy0xPLMnMz0vMAfIjo8ziTR3NDIw8LAz83d2MXA0C3SydAl1c3Q0NvE30I4EKzBEKDMKcTQzMDPxN3H19LAzdTU31w8syU8v1wwkpK8hOMgUA-oskdg%21%21/?companySymbol=4265,official
4290,https://www.saudiexchange.sa/wps/portal/saudiexchange/hidden/company-profile-main/%21ut/p/z1/04_Sj9CPykssy0xPLMnMz0vMAfIjo8ziTR3NDIw8LAz83d2MXA0C3SydAl1c3Q0NvE30I4EKzBEKDMKcTQzMDPxN3H19LAzdTU31w8syU8v1wwkpK8hOMgUA-oskdg%21%21/?companySymbol=4290,official
4291,https://www.saudiexchange.sa/wps/portal/saudiexchange/hidden/company-profile-main/%21ut/p/z1/04_Sj9CPykssy0xPLMnMz0vMAfIjo8ziTR3NDIw8LAz83d2MXA0C3SydAl1c3Q0NvE30I4EKzBEKDMKcTQzMDPxN3H19LAzdTU31w8syU8v1wwkpK8hOMgUA-oskdg%21%21/?companySymbol=4291,official
4292,https://www.saudiexchange.sa/wps/portal/saudiexchange/hidden/company-profile-main/%21ut/p/z1/04_Sj9CPykssy0xPLMnMz0vMAfIjo8ziTR3NDIw8LAz83d2MXA0C3SydAl1c3Q0NvE30I4EKzBEKDMKcTQzMDPxN3H19LAzdTU31w8syU8v1wwkpK8hOMgUA-oskdg%21%21/?companySymbol=4292,official
4300,https://www.saudiexchange.sa/wps/portal/saudiexchange/hidden/company-profile-main/%21ut/p/z1/04_Sj9CPykssy0xPLMnMz0vMAfIjo8ziTR3NDIw8LAz83d2MXA0C3SydAl1c3Q0NvE30I4EKzBEKDMKcTQzMDPxN3H19LAzdTU31w8syU8v1wwkpK8hOMgUA-oskdg%21%21/?companySymbol=4300,official
4310,https://www.saudiexchange.sa/wps/portal/saudiexchange/hidden/company-profile-main/%21ut/p/z1/04_Sj9CPykssy0xPLMnMz0vMAfIjo8ziTR3NDIw8LAz83d2MXA0C3SydAl1c3Q0NvE30I4EKzBEKDMKcTQzMDPxN3H19LAzdTU31w8syU8v1wwkpK8hOMgUA-oskdg%21%21/?companySymbol=4310,official
4320,https://www.saudiexchange.sa/wps/portal/saudiexchange/hidden/company-profile-main/%21ut/p/z1/04_Sj9CPykssy0xPLMnMz0vMAfIjo8ziTR3NDIw8LAz83d2MXA0C3SydAl1c3Q0NvE30I4EKzBEKDMKcTQzMDPxN3H19LAzdTU31w8syU8v1wwkpK8hOMgUA-oskdg%21%21/?companySymbol=4320,official
4321,https://www.saudiexchange.sa/wps/portal/saudiexchange/hidden/company-profile-main/%21ut/p/z1/04_Sj9CPykssy0xPLMnMz0vMAfIjo8ziTR3NDIw8LAz83d2MXA0C3SydAl1c3Q0NvE30I4EKzBEKDMKcTQzMDPxN3H19LAzdTU31w8syU8v1wwkpK8hOMgUA-oskdg%21%21/?companySymbol=4321,official
4322,https://www.saudiexchange.sa/wps/portal/saudiexchange/hidden/company-profile-main/%21ut/p/z1/04_Sj9CPykssy0xPLMnMz0vMAfIjo8ziTR3NDIw8LAz83d2MXA0C3SydAl1c3Q0NvE30I4EKzBEKDMKcTQzMDPxN3H19LAzdTU31w8syU8v1wwkpK8hOMgUA-oskdg%21%21/?companySymbol=4322,official
4323,https://www.saudiexchange.sa/wps/portal/saudiexchange/hidden/company-profile-main/%21ut/p/z1/04_Sj9CPykssy0xPLMnMz0vMAfIjo8ziTR3NDIw8LAz83d2MXA0C3SydAl1c3Q0NvE30I4EKzBEKDMKcTQzMDPxN3H19LAzdTU31w8syU8v1wwkpK8hOMgUA-oskdg%21%21/?companySymbol=4323,official
4324,https://www.saudiexchange.sa/wps/portal/saudiexchange/hidden/company-profile-main/%21ut/p/z1/04_Sj9CPykssy0xPLMnMz0vMAfIjo8ziTR3NDIw8LAz83d2MXA0C3SydAl1c3Q0NvE30I4EKzBEKDMKcTQzMDPxN3H19LAzdTU31w8syU8v1wwkpK8hOMgUA-oskdg%21%21/?companySymbol=4324,official
5110,https://www.saudiexchange.sa/wps/portal/saudiexchange/hidden/company-profile-main/%21ut/p/z1/04_Sj9CPykssy0xPLMnMz0vMAfIjo8ziTR3NDIw8LAz83d2MXA0C3SydAl1c3Q0NvE30I4EKzBEKDMKcTQzMDPxN3H19LAzdTU31w8syU8v1wwkpK8hOMgUA-oskdg%21%21/?companySymbol=5110,official
6001,https://www.saudiexchange.sa/wps/portal/saudiexchange/hidden/company-profile-main/%21ut/p/z1/04_Sj9CPykssy0xPLMnMz0vMAfIjo8ziTR3NDIw8LAz83d2MXA0C3SydAl1c3Q0NvE30I4EKzBEKDMKcTQzMDPxN3H19LAzdTU31w8syU8v1wwkpK8hOMgUA-oskdg%21%21/?companySymbol=6001,official
6002,https://www.saudiexchange.sa/wps/portal/saudiexchange/hidden/company-profile-main/%21ut/p/z1/04_Sj9CPykssy0xPLMnMz0vMAfIjo8ziTR3NDIw8LAz83d2MXA0C3SydAl1c3Q0NvE30I4EKzBEKDMKcTQzMDPxN3H19LAzdTU31w8syU8v1wwkpK8hOMgUA-oskdg%21%21/?companySymbol=6002,official
6004,https://www.saudiexchange.sa/wps/portal/saudiexchange/hidden/company-profile-main/%21ut/p/z1/04_Sj9CPykssy0xPLMnMz0vMAfIjo8ziTR3NDIw8LAz83d2MXA0C3SydAl1c3Q0NvE30I4EKzBEKDMKcTQzMDPxN3H19LAzdTU31w8syU8v1wwkpK8hOMgUA-oskdg%21%21/?companySymbol=6004,official
6010,https://www.saudiexchange.sa/wps/portal/saudiexchange/hidden/company-profile-main/%21ut/p/z1/04_Sj9CPykssy0xPLMnMz0vMAfIjo8ziTR3NDIw8LAz83d2MXA0C3SydAl1c3Q0NvE30I4EKzBEKDMKcTQzMDPxN3H19LAzdTU31w8syU8v1wwkpK8hOMgUA-oskdg%21%21/?companySymbol=6010,official
6012,https://www.saudiexchange.sa/wps/portal/saudiexchange/hidden/company-profile-main/%21ut/p/z1/04_Sj9CPykssy0xPLMnMz0vMAfIjo8ziTR3NDIw8LAz83d2MXA0C3SydAl1c3Q0NvE30I4EKzBEKDMKcTQzMDPxN3H19LAzdTU31w8syU8v1wwkpK8hOMgUA-oskdg%21%21/?companySymbol=6012,official
6013,https://www.saudiexchange.sa/wps/portal/saudiexchange/hidden/company-profile-main/%21ut/p/z1/04_Sj9CPykssy0xPLMnMz0vMAfIjo8ziTR3NDIw8LAz83d2MXA0C3SydAl1c3Q0NvE30I4EKzBEKDMKcTQzMDPxN3H19LAzdTU31w8syU8v1wwkpK8hOMgUA-oskdg%21%21/?companySymbol=6013,official
6014,https://www.saudiexchange.sa/wps/portal/saudiexchange/hidden/company-profile-main/%21ut/p/z1/04_Sj9CPykssy0xPLMnMz0vMAfIjo8ziTR3NDIw8LAz83d2MXA0C3SydAl1c3Q0NvE30I4EKzBEKDMKcTQzMDPxN3H19LAzdTU31w8syU8v1wwkpK8hOMgUA-oskdg%21%21/?companySymbol=6014,official
6015,https://www.saudiexchange.sa/wps/portal/saudiexchange/hidden/company-profile-main/%21ut/p/z1/04_Sj9CPykssy0xPLMnMz0vMAfIjo8ziTR3NDIw8LAz83d2MXA0C3SydAl1c3Q0NvE30I4EKzBEKDMKcTQzMDPxN3H19LAzdTU31w8syU8v1wwkpK8hOMgUA-oskdg%21%21/?companySymbol=6015,official
6016,https://www.saudiexchange.sa/wps/portal/saudiexchange/hidden/company-profile-main/%21ut/p/z1/04_Sj9CPykssy0xPLMnMz0vMAfIjo8ziTR3NDIw8LAz83d2MXA0C3SydAl1c3Q0NvE30I4EKzBEKDMKcTQzMDPxN3H19LAzdTU31w8syU8v1wwkpK8hOMgUA-oskdg%21%21/?companySymbol=6016,official
6017,https://www.saudiexchange.sa/wps/portal/saudiexchange/hidden/company-profile-main/%21ut/p/z1/04_Sj9CPykssy0xPLMnMz0vMAfIjo8ziTR3NDIw8LAz83d2MXA0C3SydAl1c3Q0NvE30I4EKzBEKDMKcTQzMDPxN3H19LAzdTU31w8syU8v1wwkpK8hOMgUA-oskdg%21%21/?companySymbol=6017,official
6020,https://www.saudiexchange.sa/wps/portal/saudiexchange/hidden/company-profile-main/%21ut/p/z1/04_Sj9CPykssy0xPLMnMz0vMAfIjo8ziTR3NDIw8LAz83d2MXA0C3SydAl1c3Q0NvE30I4EKzBEKDMKcTQzMDPxN3H19LAzdTU31w8syU8v1wwkpK8hOMgUA-oskdg%21%21/?companySymbol=6020,official
6030,https://www.saudiexchange.sa/wps/portal/saudiexchange/hidden/company-profile-main/%21ut/p/z1/04_Sj9CPykssy0xPLMnMz0vMAfIjo8ziTR3NDIw8LAz83d2MXA0C3SydAl1c3Q0NvE30I4EKzBEKDMKcTQzMDPxN3H19LAzdTU31w8syU8v1wwkpK8hOMgUA-oskdg%21%21/?companySymbol=6030,official
6040,https://www.saudiexchange.sa/wps/portal/saudiexchange/hidden/company-profile-main/%21ut/p/z1/04_Sj9CPykssy0xPLMnMz0vMAfIjo8ziTR3NDIw8LAz83d2MXA0C3SydAl1c3Q0NvE30I4EKzBEKDMKcTQzMDPxN3H19LAzdTU31w8syU8v1wwkpK8hOMgUA-oskdg%21%21/?companySymbol=6040,official
6050,https://www.saudiexchange.sa/wps/portal/saudiexchange/hidden/company-profile-main/%21ut/p/z1/04_Sj9CPykssy0xPLMnMz0vMAfIjo8ziTR3NDIw8LAz83d2MXA0C3SydAl1c3Q0NvE30I4EKzBEKDMKcTQzMDPxN3H19LAzdTU31w8syU8v1wwkpK8hOMgUA-oskdg%21%21/?companySymbol=6050,official
6060,https://www.saudiexchange.sa/wps/portal/saudiexchange/hidden/company-profile-main/%21ut/p/z1/04_Sj9CPykssy0xPLMnMz0vMAfIjo8ziTR3NDIw8LAz83d2MXA0C3SydAl1c3Q0NvE30I4EKzBEKDMKcTQzMDPxN3H19LAzdTU31w8syU8v1wwkpK8hOMgUA-oskdg%21%21/?companySymbol=6060,official
6070,https://www.saudiexchange.sa/wps/portal/saudiexchange/hidden/company-profile-main/%21ut/p/z1/04_Sj9CPykssy0xPLMnMz0vMAfIjo8ziTR3NDIw8LAz83d2MXA0C3SydAl1c3Q0NvE30I4EKzBEKDMKcTQzMDPxN3H19LAzdTU31w8syU8v1wwkpK8hOMgUA-oskdg%21%21/?companySymbol=6070,official
6080,https://www.saudiexchange.sa/wps/portal/saudiexchange/hidden/company-profile-main/%21ut/p/z1/04_Sj9CPykssy0xPLMnMz0vMAfIjo8ziTR3NDIw8LAz83d2MXA0C3SydAl1c3Q0NvE30I4EKzBEKDMKcTQzMDPxN3H19LAzdTU31w8syU8v1wwkpK8hOMgUA-oskdg%21%21/?companySymbol=6080,official
6090,https://www.saudiexchange.sa/wps/portal/saudiexchange/hidden/company-profile-main/%21ut/p/z1/04_Sj9CPykssy0xPLMnMz0vMAfIjo8ziTR3NDIw8LAz83d2MXA0C3SydAl1c3Q0NvE30I4EKzBEKDMKcTQzMDPxN3H19LAzdTU31w8syU8v1wwkpK8hOMgUA-oskdg%21%21/?companySymbol=6090,official
7010,https://www.saudiexchange.sa/wps/portal/saudiexchange/hidden/company-profile-main/%21ut/p/z1/04_Sj9CPykssy0xPLMnMz0vMAfIjo8ziTR3NDIw8LAz83d2MXA0C3SydAl1c3Q0NvE30I4EKzBEKDMKcTQzMDPxN3H19LAzdTU31w8syU8v1wwkpK8hOMgUA-oskdg%21%21/?companySymbol=7010,official
7020,https://www.saudiexchange.sa/wps/portal/saudiexchange/hidden/company-profile-main/%21ut/p/z1/04_Sj9CPykssy0xPLMnMz0vMAfIjo8ziTR3NDIw8LAz83d2MXA0C3SydAl1c3Q0NvE30I4EKzBEKDMKcTQzMDPxN3H19LAzdTU31w8syU8v1wwkpK8hOMgUA-oskdg%21%21/?companySymbol=7020,official
7030,https://www.saudiexchange.sa/wps/portal/saudiexchange/hidden/company-profile-main/%21ut/p/z1/04_Sj9CPykssy0xPLMnMz0vMAfIjo8ziTR3NDIw8LAz83d2MXA0C3SydAl1c3Q0NvE30I4EKzBEKDMKcTQzMDPxN3H19LAzdTU31w8syU8v1wwkpK8hOMgUA-oskdg%21%21/?companySymbol=7030,official
7040,https://www.saudiexchange.sa/wps/portal/saudiexchange/hidden/company-profile-main/%21ut/p/z1/04_Sj9CPykssy0xPLMnMz0vMAfIjo8ziTR3NDIw8LAz83d2MXA0C3SydAl1c3Q0NvE30I4EKzBEKDMKcTQzMDPxN3H19LAzdTU31w8syU8v1wwkpK8hOMgUA-oskdg%21%21/?companySymbol=7040,official
7200,https://www.saudiexchange.sa/wps/portal/saudiexchange/hidden/company-profile-main/%21ut/p/z1/04_Sj9CPykssy0xPLMnMz0vMAfIjo8ziTR3NDIw8LAz83d2MXA0C3SydAl1c3Q0NvE30I4EKzBEKDMKcTQzMDPxN3H19LAzdTU31w8syU8v1wwkpK8hOMgUA-oskdg%21%21/?companySymbol=7200,official
7201,https://www.saudiexchange.sa/wps/portal/saudiexchange/hidden/company-profile-main/%21ut/p/z1/04_Sj9CPykssy0xPLMnMz0vMAfIjo8ziTR3NDIw8LAz83d2MXA0C3SydAl1c3Q0NvE30I4EKzBEKDMKcTQzMDPxN3H19LAzdTU31w8syU8v1wwkpK8hOMgUA-oskdg%21%21/?companySymbol=7201,official
7202,https://www.saudiexchange.sa/wps/portal/saudiexchange/hidden/company-profile-main/%21ut/p/z1/04_Sj9CPykssy0xPLMnMz0vMAfIjo8ziTR3NDIw8LAz83d2MXA0C3SydAl1c3Q0NvE30I4EKzBEKDMKcTQzMDPxN3H19LAzdTU31w8syU8v1wwkpK8hOMgUA-oskdg%21%21/?companySymbol=7202,official
7203,https://www.saudiexchange.sa/wps/portal/saudiexchange/hidden/company-profile-main/%21ut/p/z1/04_Sj9CPykssy0xPLMnMz0vMAfIjo8ziTR3NDIw8LAz83d2MXA0C3SydAl1c3Q0NvE30I4EKzBEKDMKcTQzMDPxN3H19LAzdTU31w8syU8v1wwkpK8hOMgUA-oskdg%21%21/?companySymbol=7203,official
7204,https://www.saudiexchange.sa/wps/portal/saudiexchange/hidden/company-profile-main/%21ut/p/z1/04_Sj9CPykssy0xPLMnMz0vMAfIjo8ziTR3NDIw8LAz83d2MXA0C3SydAl1c3Q0NvE30I4EKzBEKDMKcTQzMDPxN3H19LAzdTU31w8syU8v1wwkpK8hOMgUA-oskdg%21%21/?companySymbol=7204,official
7205,https://www.saudiexchange.sa/wps/portal/saudiexchange/hidden/company-profile-main/%21ut/p/z1/04_Sj9CPykssy0xPLMnMz0vMAfIjo8ziTR3NDIw8LAz83d2MXA0C3SydAl1c3Q0NvE30I4EKzBEKDMKcTQzMDPxN3H19LAzdTU31w8syU8v1wwkpK8hOMgUA-oskdg%21%21/?companySymbol=7205,official
7211,https://www.saudiexchange.sa/wps/portal/saudiexchange/hidden/company-profile-main/%21ut/p/z1/04_Sj9CPykssy0xPLMnMz0vMAfIjo8ziTR3NDIw8LAz83d2MXA0C3SydAl1c3Q0NvE30I4EKzBEKDMKcTQzMDPxN3H19LAzdTU31w8syU8v1wwkpK8hOMgUA-oskdg%21%21/?companySymbol=7211,official
8010,https://www.saudiexchange.sa/wps/portal/saudiexchange/hidden/company-profile-main/%21ut/p/z1/04_Sj9CPykssy0xPLMnMz0vMAfIjo8ziTR3NDIw8LAz83d2MXA0C3SydAl1c3Q0NvE30I4EKzBEKDMKcTQzMDPxN3H19LAzdTU31w8syU8v1wwkpK8hOMgUA-oskdg%21%21/?companySymbol=8010,official
8012,https://www.saudiexchange.sa/wps/portal/saudiexchange/hidden/company-profile-main/%21ut/p/z1/04_Sj9CPykssy0xPLMnMz0vMAfIjo8ziTR3NDIw8LAz83d2MXA0C3SydAl1c3Q0NvE30I4EKzBEKDMKcTQzMDPxN3H19LAzdTU31w8syU8v1wwkpK8hOMgUA-oskdg%21%21/?companySymbol=8012,official
8020,https://www.saudiexchange.sa/wps/portal/saudiexchange/hidden/company-profile-main/%21ut/p/z1/04_Sj9CPykssy0xPLMnMz0vMAfIjo8ziTR3NDIw8LAz83d2MXA0C3SydAl1c3Q0NvE30I4EKzBEKDMKcTQzMDPxN3H19LAzdTU31w8syU8v1wwkpK8hOMgUA-oskdg%21%21/?companySymbol=8020,official
8030,https://www.saudiexchange.sa/wps/portal/saudiexchange/hidden/company-profile-main/%21ut/p/z1/04_Sj9CPykssy0xPLMnMz0vMAfIjo8ziTR3NDIw8LAz83d2MXA0C3SydAl1c3Q0NvE30I4EKzBEKDMKcTQzMDPxN3H19LAzdTU31w8syU8v1wwkpK8hOMgUA-oskdg%21%21/?companySymbol=8030,official
8040,https://www.saudiexchange.sa/wps/portal/saudiexchange/hidden/company-profile-main/%21ut/p/z1/04_Sj9CPykssy0xPLMnMz0vMAfIjo8ziTR3NDIw8LAz83d2MXA0C3SydAl1c3Q0NvE30I4EKzBEKDMKcTQzMDPxN3H19LAzdTU31w8syU8v1wwkpK8hOMgUA-oskdg%21%21/?companySymbol=8040,official
8050,https://www.saudiexchange.sa/wps/portal/saudiexchange/hidden/company-profile-main/%21ut/p/z1/04_Sj9CPykssy0xPLMnMz0vMAfIjo8ziTR3NDIw8LAz83d2MXA0C3SydAl1c3Q0NvE30I4EKzBEKDMKcTQzMDPxN3H19LAzdTU31w8syU8v1wwkpK8hOMgUA-oskdg%21%21/?companySymbol=8050,official
8060,https://www.saudiexchange.sa/wps/portal/saudiexchange/hidden/company-profile-main/%21ut/p/z1/04_Sj9CPykssy0xPLMnMz0vMAfIjo8ziTR3NDIw8LAz83d2MXA0C3SydAl1c3Q0NvE30I4EKzBEKDMKcTQzMDPxN3H19LAzdTU31w8syU8v1wwkpK8hOMgUA-oskdg%21%21/?companySymbol=8060,official
8070,https://www.saudiexchange.sa/wps/portal/saudiexchange/hidden/company-profile-main/%21ut/p/z1/04_Sj9CPykssy0xPLMnMz0vMAfIjo8ziTR3NDIw8LAz83d2MXA0C3SydAl1c3Q0NvE30I4EKzBEKDMKcTQzMDPxN3H19LAzdTU31w8syU8v1wwkpK8hOMgUA-oskdg%21%21/?companySymbol=8070,official
8100,https://www.saudiexchange.sa/wps/portal/saudiexchange/hidden/company-profile-main/%21ut/p/z1/04_Sj9CPykssy0xPLMnMz0vMAfIjo8ziTR3NDIw8LAz83d2MXA0C3SydAl1c3Q0NvE30I4EKzBEKDMKcTQzMDPxN3H19LAzdTU31w8syU8v1wwkpK8hOMgUA-oskdg%21%21/?companySymbol=8100,official
8120,https://www.saudiexchange.sa/wps/portal/saudiexchange/hidden/company-profile-main/%21ut/p/z1/04_Sj9CPykssy0xPLMnMz0vMAfIjo8ziTR3NDIw8LAz83d2MXA0C3SydAl1c3Q0NvE30I4EKzBEKDMKcTQzMDPxN3H19LAzdTU31w8syU8v1wwkpK8hOMgUA-oskdg%21%21/?companySymbol=8120,official
8150,https://www.saudiexchange.sa/wps/portal/saudiexchange/hidden/company-profile-main/%21ut/p/z1/04_Sj9CPykssy0xPLMnMz0vMAfIjo8ziTR3NDIw8LAz83d2MXA0C3SydAl1c3Q0NvE30I4EKzBEKDMKcTQzMDPxN3H19LAzdTU31w8syU8v1wwkpK8hOMgUA-oskdg%21%21/?companySymbol=8150,official
8160,https://www.saudiexchange.sa/wps/portal/saudiexchange/hidden/company-profile-main/%21ut/p/z1/04_Sj9CPykssy0xPLMnMz0vMAfIjo8ziTR3NDIw8LAz83d2MXA0C3SydAl1c3Q0NvE30I4EKzBEKDMKcTQzMDPxN3H19LAzdTU31w8syU8v1wwkpK8hOMgUA-oskdg%21%21/?companySymbol=8160,official
8170,https://www.saudiexchange.sa/wps/portal/saudiexchange/hidden/company-profile-main/%21ut/p/z1/04_Sj9CPykssy0xPLMnMz0vMAfIjo8ziTR3NDIw8LAz83d2MXA0C3SydAl1c3Q0NvE30I4EKzBEKDMKcTQzMDPxN3H19LAzdTU31w8syU8v1wwkpK8hOMgUA-oskdg%21%21/?companySymbol=8170,official
8180,https://www.saudiexchange.sa/wps/portal/saudiexchange/hidden/company-profile-main/%21ut/p/z1/04_Sj9CPykssy0xPLMnMz0vMAfIjo8ziTR3NDIw8LAz83d2MXA0C3SydAl1c3Q0NvE30I4EKzBEKDMKcTQzMDPxN3H19LAzdTU31w8syU8v1wwkpK8hOMgUA-oskdg%21%21/?companySymbol=8180,official
8190,https://www.saudiexchange.sa/wps/portal/saudiexchange/hidden/company-profile-main/%21ut/p/z1/04_Sj9CPykssy0xPLMnMz0vMAfIjo8ziTR3NDIw8LAz83d2MXA0C3SydAl1c3Q0NvE30I4EKzBEKDMKcTQzMDPxN3H19LAzdTU31w8syU8v1wwkpK8hOMgUA-oskdg%21%21/?companySymbol=8190,official
8200,https://www.saudiexchange.sa/wps/portal/saudiexchange/hidden/company-profile-main/%21ut/p/z1/04_Sj9CPykssy0xPLMnMz0vMAfIjo8ziTR3NDIw8LAz83d2MXA0C3SydAl1c3Q0NvE30I4EKzBEKDMKcTQzMDPxN3H19LAzdTU31w8syU8v1wwkpK8hOMgUA-oskdg%21%21/?companySymbol=8200,official
8210,https://www.saudiexchange.sa/wps/portal/saudiexchange/hidden/company-profile-main/%21ut/p/z1/04_Sj9CPykssy0xPLMnMz0vMAfIjo8ziTR3NDIw8LAz83d2MXA0C3SydAl1c3Q0NvE30I4EKzBEKDMKcTQzMDPxN3H19LAzdTU31w8syU8v1wwkpK8hOMgUA-oskdg%21%21/?companySymbol=8210,official
8230,https://www.saudiexchange.sa/wps/portal/saudiexchange/hidden/company-profile-main/%21ut/p/z1/04_Sj9CPykssy0xPLMnMz0vMAfIjo8ziTR3NDIw8LAz83d2MXA0C3SydAl1c3Q0NvE30I4EKzBEKDMKcTQzMDPxN3H19LAzdTU31w8syU8v1wwkpK8hOMgUA-oskdg%21%21/?companySymbol=8230,official
8240,https://www.saudiexchange.sa/wps/portal/saudiexchange/hidden/company-profile-main/%21ut/p/z1/04_Sj9CPykssy0xPLMnMz0vMAfIjo8ziTR3NDIw8LAz83d2MXA0C3SydAl1c3Q0NvE30I4EKzBEKDMKcTQzMDPxN3H19LAzdTU31w8syU8v1wwkpK8hOMgUA-oskdg%21%21/?companySymbol=8240,official
8250,https://www.saudiexchange.sa/wps/portal/saudiexchange/hidden/company-profile-main/%21ut/p/z1/04_Sj9CPykssy0xPLMnMz0vMAfIjo8ziTR3NDIw8LAz83d2MXA0C3SydAl1c3Q0NvE30I4EKzBEKDMKcTQzMDPxN3H19LAzdTU31w8syU8v1wwkpK8hOMgUA-oskdg%21%21/?companySymbol=8250,official
8260,https://www.saudiexchange.sa/wps/portal/saudiexchange/hidden/company-profile-main/%21ut/p/z1/04_Sj9CPykssy0xPLMnMz0vMAfIjo8ziTR3NDIw8LAz83d2MXA0C3SydAl1c3Q0NvE30I4EKzBEKDMKcTQzMDPxN3H19LAzdTU31w8syU8v1wwkpK8hOMgUA-oskdg%21%21/?companySymbol=8260,official
8270,https://www.saudiexchange.sa/wps/portal/saudiexchange/hidden/company-profile-main/%21ut/p/z1/04_Sj9CPykssy0xPLMnMz0vMAfIjo8ziTR3NDIw8LAz83d2MXA0C3SydAl1c3Q0NvE30I4EKzBEKDMKcTQzMDPxN3H19LAzdTU31w8syU8v1wwkpK8hOMgUA-oskdg%21%21/?companySymbol=8270,official
8280,https://www.saudiexchange.sa/wps/portal/saudiexchange/hidden/company-profile-main/%21ut/p/z1/04_Sj9CPykssy0xPLMnMz0vMAfIjo8ziTR3NDIw8LAz83d2MXA0C3SydAl1c3Q0NvE30I4EKzBEKDMKcTQzMDPxN3H19LAzdTU31w8syU8v1wwkpK8hOMgUA-oskdg%21%21/?companySymbol=8280,official
8300,https://www.saudiexchange.sa/wps/portal/saudiexchange/hidden/company-profile-main/%21ut/p/z1/04_Sj9CPykssy0xPLMnMz0vMAfIjo8ziTR3NDIw8LAz83d2MXA0C3SydAl1c3Q0NvE30I4EKzBEKDMKcTQzMDPxN3H19LAzdTU31w8syU8v1wwkpK8hOMgUA-oskdg%21%21/?companySymbol=8300,official
8310,https://www.saudiexchange.sa/wps/portal/saudiexchange/hidden/company-profile-main/%21ut/p/z1/04_Sj9CPykssy0xPLMnMz0vMAfIjo8ziTR3NDIw8LAz83d2MXA0C3SydAl1c3Q0NvE30I4EKzBEKDMKcTQzMDPxN3H19LAzdTU31w8syU8v1wwkpK8hOMgUA-oskdg%21%21/?companySymbol=8310,official
8311,https://www.saudiexchange.sa/wps/portal/saudiexchange/hidden/company-profile-main/%21ut/p/z1/04_Sj9CPykssy0xPLMnMz0vMAfIjo8ziTR3NDIw8LAz83d2MXA0C3SydAl1c3Q0NvE30I4EKzBEKDMKcTQzMDPxN3H19LAzdTU31w8syU8v1wwkpK8hOMgUA-oskdg%21%21/?companySymbol=8311,official
8312,https://www.saudiexchange.sa/wps/portal/saudiexchange/hidden/company-profile-main/%21ut/p/z1/04_Sj9CPykssy0xPLMnMz0vMAfIjo8ziTR3NDIw8LAz83d2MXA0C3SydAl1c3Q0NvE30I4EKzBEKDMKcTQzMDPxN3H19LAzdTU31w8syU8v1wwkpK8hOMgUA-oskdg%21%21/?companySymbol=8312,official
8313,https://www.saudiexchange.sa/wps/portal/saudiexchange/hidden/company-profile-main/%21ut/p/z1/04_Sj9CPykssy0xPLMnMz0vMAfIjo8ziTR3NDIw8LAz83d2MXA0C3SydAl1c3Q0NvE30I4EKzBEKDMKcTQzMDPxN3H19LAzdTU31w8syU8v1wwkpK8hOMgUA-oskdg%21%21/?companySymbol=8313,official
