symbol,source_quality,source_note,last_reviewed
1010,official,Official Saudi Exchange company profile link added.,2026-06-28
1020,official,Official Saudi Exchange company profile link added.,2026-06-28
1030,official,Official Saudi Exchange company profile link added.,2026-06-28
1050,official,Official Saudi Exchange company profile link added.,2026-06-28
1060,official,Official Saudi Exchange company profile link added.,2026-06-28
1080,official,Official Saudi Exchange company profile link added.,2026-06-28
1111,official,Official Saudi Exchange company profile link added.,2026-06-28
1120,official,Official Saudi Exchange company profile link added.,2026-06-28
1140,official,Official Saudi Exchange company profile link added.,2026-06-28
1150,official,Official Saudi Exchange company profile link added.,2026-06-28
1180,official,Official Saudi Exchange company profile link added.,2026-06-28
1182,official,Official Saudi Exchange company profile link added.,2026-06-28
1183,official,Official Saudi Exchange company profile link added.,2026-06-28
1201,official,Official Saudi Exchange company profile link added.,2026-06-28
1202,official,Official Saudi Exchange company profile link added.,2026-06-28
1210,official,Official Saudi Exchange company profile link added.,2026-06-28
1211,official,Official Saudi Exchange company profile link added.,2026-06-28
1212,official,Official Saudi Exchange company profile link added.,2026-06-28
1213,official,Official Saudi Exchange company profile link added.,2026-06-28
1214,official,Official Saudi Exchange company profile link added.,2026-06-28
1301,official,Official Saudi Exchange company profile link added.,2026-06-28
1302,official,Official Saudi Exchange company profile link added.,2026-06-28
1303,official,Official Saudi Exchange company profile link added.,2026-06-28
1304,official,Official Saudi Exchange company profile link added.,2026-06-28
1320,official,Official Saudi Exchange company profile link added.,2026-06-28
1321,official,Official Saudi Exchange company profile link added.,2026-06-28
1322,official,Official Saudi Exchange company profile link added.,2026-06-28
1323,official,Official Saudi Exchange company profile link added.,2026-06-28
1324,official,Official Saudi Exchange company profile link added.,2026-06-28
1810,official,Official Saudi Exchange company profile link added.,2026-06-28
1820,official,Official Saudi Exchange company profile link added.,2026-06-28
1830,official,Official Saudi Exchange company profile link added.,2026-06-28
1831,official,Official Saudi Exchange company profile link added.,2026-06-28
1832,official,Official Saudi Exchange company profile link added.,2026-06-28
1833,official,Official Saudi Exchange company profile link added.,2026-06-28
1834,official,Official Saudi Exchange company profile link added.,2026-06-28
1835,official,Official Saudi Exchange company profile link added.,2026-06-28
2001,official,Official Saudi Exchange company profile link added.,2026-06-28
2002,official,Official Saudi Exchange company profile link added.,2026-06-28
2010,official,Official Saudi Exchange company profile link added.,2026-06-28
2020,official,Official Saudi Exchange company profile link added.,2026-06-28
2030,official,Official Saudi Exchange company profile link added.,2026-06-28
2040,official,Official Saudi Exchange company profile link added.,2026-06-28
2050,official,Official Saudi Exchange company profile link added.,2026-06-28
2060,official,Official Saudi Exchange company profile link added.,2026-06-28
2070,official,Official Saudi Exchange company profile link added.,2026-06-28
2080,official,Official Saudi Exchange company profile link added.,2026-06-28
2081,official,Official Saudi Exchange company profile link added.,2026-06-28
2082,official,Official Saudi Exchange company profile link added.,2026-06-28
2083,official,Official Saudi Exchange company profile link added.,2026-06-28
2084,official,Official Saudi Exchange company profile link added.,2026-06-28
2090,official,Official Saudi Exchange company profile link added.,2026-06-28
2100,official,Official Saudi Exchange company profile link added.,2026-06-28
2110,official,Official Saudi Exchange company profile link added.,2026-06-28
2120,official,Official Saudi Exchange company profile link added.,2026-06-28
2130,official,Official Saudi Exchange company profile link added.,2026-06-28
2140,official,Official Saudi Exchange company profile link added.,2026-06-28
2150,official,Official Saudi Exchange company profile link added.,2026-06-28
2160,official,Official Saudi Exchange company profile link added.,2026-06-28
2170,official,Official Saudi Exchange company profile link added.,2026-06-28
2180,official,Official Saudi Exchange company profile link added.,2026-06-28
2190,official,Official Saudi Exchange company profile link added.,2026-06-28
2200,official,Official Saudi Exchange company profile link added.,2026-06-28
2210,official,Official Saudi Exchange company profile link added.,2026-06-28
2220,official,Official Saudi Exchange company profile link added.,2026-06-28
2222,official,Official Saudi Exchange company profile link added.,2026-06-28
2223,official,Official Saudi Exchange company profile link added.,2026-06-28
2230,official,Official Saudi Exchange company profile link added.,2026-06-28
2240,official,Official Saudi Exchange company profile link added.,2026-06-28
2250,official,Official Saudi Exchange company profile link added.,2026-06-28
2260,official,Official Saudi Exchange company profile link added.,2026-06-28
2270,official,Official Saudi Exchange company profile link added.,2026-06-28
2280,official,Official Saudi Exchange company profile link added.,2026-06-28
2281,official,Official Saudi Exchange company profile link added.,2026-06-28
2282,official,Official Saudi Exchange company profile link added.,2026-06-28
2283,official,Official Saudi Exchange company profile link added.,2026-06-28
2284,official,Official Saudi Exchange company profile link added.,2026-06-28
2285,official,Official Saudi Exchange company profile link added.,2026-06-28
2286,official,Official Saudi Exchange company profile link added.,2026-06-28
2287,official,Official Saudi Exchange company profile link added.,2026-06-28
2288,official,Official Saudi Exchange company profile link added.,2026-06-28
2290,official,Official Saudi Exchange company profile link added.,2026-06-28
2300,official,Official Saudi Exchange company profile link added.,2026-06-28
2310,official,Official Saudi Exchange company profile link added.,2026-06-28
2320,official,Official Saudi Exchange company profile link added.,2026-06-28
2330,official,Official Saudi Exchange company profile link added.,2026-06-28
2340,official,Official Saudi Exchange company profile link added.,2026-06-28
2350,official,Official Saudi Exchange company profile link added.,2026-06-28
2360,official,Official Saudi Exchange company profile link added.,2026-06-28
2370,official,Official Saudi Exchange company profile link added.,2026-06-28
2380,official,Official Saudi Exchange company profile link added.,2026-06-28
2381,official,Official Saudi Exchange company profile link added.,2026-06-28
2382,official,Official Saudi Exchange company profile link added.,2026-06-28
3001,official,Official Saudi Exchange company profile link added.,2026-06-28
3002,official,Official Saudi Exchange company profile link added.,2026-06-28
3003,official,Official Saudi Exchange company profile link added.,2026-06-28
3004,official,Official Saudi Exchange company profile link added.,2026-06-28
3005,official,Official Saudi Exchange company profile link added.,2026-06-28
3007,official,Official Saudi Exchange company profile link added.,2026-06-28
3008,official,Official Saudi Exchange company profile link added.,2026-06-28
3010,official,Official Saudi Exchange company profile link added.,2026-06-28
3020,official,Official Saudi Exchange company profile link added.,2026-06-28
3030,official,Official Saudi Exchange company profile link added.,2026-06-28
3040,official,Official Saudi Exchange company profile link added.,2026-06-28
3050,official,Official Saudi Exchange company profile link added.,2026-06-28
3060,official,Official Saudi Exchange company profile link added.,2026-06-28
3080,official,Official Saudi Exchange company profile link added.,2026-06-28
3090,official,Official Saudi Exchange company profile link added.,2026-06-28
3091,official,Official Saudi Exchange company profile link added.,2026-06-28
3092,official,Official Saudi Exchange company profile link added.,2026-06-28
4001,official,Official Saudi Exchange company profile link added.,2026-06-28
4002,official,Official Saudi Exchange company profile link added.,2026-06-28
4003,official,Official Saudi Exchange company profile link added.,2026-06-28
4004,official,Official Saudi Exchange company profile link added.,2026-06-28
4005,official,Official Saudi Exchange company profile link added.,2026-06-28
4006,official,Official Saudi Exchange company profile link added.,2026-06-28
4007,official,Official Saudi Exchange company profile link added.,2026-06-28
4008,official,Official Saudi Exchange company profile link added.,2026-06-28
4009,official,Official Saudi Exchange company profile link added.,2026-06-28
4010,official,Official Saudi Exchange company profile link added.,2026-06-28
4011,official,Official Saudi Exchange company profile link added.,2026-06-28
4012,official,Official Saudi Exchange company profile link added.,2026-06-28
4013,official,Official Saudi Exchange company profile link added.,2026-06-28
4014,official,Official Saudi Exchange company profile link added.,2026-06-28
4015,official,Official Saudi Exchange company profile link added.,2026-06-28
4016,official,Official Saudi Exchange company profile link added.,2026-06-28
4017,official,Official Saudi Exchange company profile link added.,2026-06-28
4018,official,Official Saudi Exchange company profile link added.,2026-06-28
4019,official,Official Saudi Exchange company profile link added.,2026-06-28
4020,official,Official Saudi Exchange company profile link added.,2026-06-28
4021,official,Official Saudi Exchange company profile link added.,2026-06-28
4030,official,Official Saudi Exchange company profile link added.,2026-06-28
4031,official,Official Saudi Exchange company profile link added.,2026-06-28
4040,official,Official Saudi Exchange company profile link added.,2026-06-28
4050,official,Official Saudi Exchange company profile link added.,2026-06-28
4051,official,Official Saudi Exchange company profile link added.,2026-06-28
4061,official,Official Saudi Exchange company profile link added.,2026-06-28
4070,official,Official Saudi Exchange company profile link added.,2026-06-28
4071,official,Official Saudi Exchange company profile link added.,2026-06-28
4072,official,Official Saudi Exchange company profile link added.,2026-06-28
4080,official,Official Saudi Exchange company profile link added.,2026-06-28
4081,official,Official Saudi Exchange company profile link added.,2026-06-28
4082,official,Official Saudi Exchange company profile link added.,2026-06-28
4083,official,Official Saudi Exchange company profile link added.,2026-06-28
4084,official,Official Saudi Exchange company profile link added.,2026-06-28
4090,official,Official Saudi Exchange company profile link added.,2026-06-28
4100,official,Official Saudi Exchange company profile link added.,2026-06-28
4110,official,Official Saudi Exchange company profile link added.,2026-06-28
4130,official,Official Saudi Exchange company profile link added.,2026-06-28
4140,official,Official Saudi Exchange company profile link added.,2026-06-28
4141,official,Official Saudi Exchange company profile link added.,2026-06-28
4142,official,Official Saudi Exchange company profile link added.,2026-06-28
4143,official,Official Saudi Exchange company profile link added.,2026-06-28
4144,official,Official Saudi Exchange company profile link added.,2026-06-28
4145,official,Official Saudi Exchange company profile link added.,2026-06-28
4146,official,Official Saudi Exchange company profile link added.,2026-06-28
4147,official,Official Saudi Exchange company profile link added.,2026-06-28
4148,official,Official Saudi Exchange company profile link added.,2026-06-28
4150,official,Official Saudi Exchange company profile link added.,2026-06-28
4160,official,Official Saudi Exchange company profile link added.,2026-06-28
4161,official,Official Saudi Exchange company profile link added.,2026-06-28
4162,official,Official Saudi Exchange company profile link added.,2026-06-28
4163,official,Official Saudi Exchange company profile link added.,2026-06-28
4164,official,Official Saudi Exchange company profile link added.,2026-06-28
4165,official,Official Saudi Exchange company profile link added.,2026-06-28
4170,official,Official Saudi Exchange company profile link added.,2026-06-28
4180,official,Official Saudi Exchange company profile link added.,2026-06-28
4190,official,Official Saudi Exchange company profile link added.,2026-06-28
4191,official,Official Saudi Exchange company profile link added.,2026-06-28
4192,official,Official Saudi Exchange company profile link added.,2026-06-28
4193,official,Official Saudi Exchange company profile link added.,2026-06-28
4194,official,Official Saudi Exchange company profile link added.,2026-06-28
4200,official,Official Saudi Exchange company profile link added.,2026-06-28
4210,official,Official Saudi Exchange company profile link added.,2026-06-28
4220,official,Official Saudi Exchange company profile link added.,2026-06-28
4230,official,Official Saudi Exchange company profile link added.,2026-06-28
4240,official,Official Saudi Exchange company profile link added.,2026-06-28
4250,official,Official Saudi Exchange company profile link added.,2026-06-28
4260,official,Official Saudi Exchange company profile link added.,2026-06-28
4261,official,Official Saudi Exchange company profile link added.,2026-06-28
4262,official,Official Saudi Exchange company profile link added.,2026-06-28
4263,official,Official Saudi Exchange company profile link added.,2026-06-28
4264,official,Official Saudi Exchange company profile link added.,2026-06-28
4265,official,Official Saudi Exchange company profile link added.,2026-06-28
4270,official,Official Saudi Exchange company profile link added.,2026-06-28
4280,official,Official Saudi Exchange company profile link added.,2026-06-28
4290,official,Official Saudi Exchange company profile link added.,2026-06-28
4291,official,Official Saudi Exchange company profile link added.,2026-06-28
4292,official,Official Saudi Exchange company profile link added.,2026-06-28
4300,official,Official Saudi Exchange company profile link added.,2026-06-28
4310,official,Official Saudi Exchange company profile link added.,2026-06-28
4320,official,Official Saudi Exchange company profile link added.,2026-06-28
4321,official,Official Saudi Exchange company profile link added.,2026-06-28
4322,official,Official Saudi Exchange company profile link added.,2026-06-28
4323,official,Official Saudi Exchange company profile link added.,2026-06-28
4324,official,Official Saudi Exchange company profile link added.,2026-06-28
4325,official,Official Saudi Exchange company profile link added.,2026-06-28
4326,official,Official Saudi Exchange company profile link added.,2026-06-28
4327,official,Official Saudi Exchange company profile link added.,2026-06-28
5110,official,Official Saudi Exchange company profile link added.,2026-06-28
6001,official,Official Saudi Exchange company profile link added.,2026-06-28
6002,official,Official Saudi Exchange company profile link added.,2026-06-28
6004,official,Official Saudi Exchange company profile link added.,2026-06-28
6010,official,Official Saudi Exchange company profile link added.,2026-06-28
6012,official,Official Saudi Exchange company profile link added.,2026-06-28
6013,official,Official Saudi Exchange company profile link added.,2026-06-28
6014,official,Official Saudi Exchange company profile link added.,2026-06-28
6015,official,Official Saudi Exchange company profile link added.,2026-06-28
6016,official,Official Saudi Exchange company profile link added.,2026-06-28
6017,official,Official Saudi Exchange company profile link added.,2026-06-28
6018,official,Official Saudi Exchange company profile link added.,2026-06-28
6019,official,Official Saudi Exchange company profile link added.,2026-06-28
6020,official,Official Saudi Exchange company profile link added.,2026-06-28
6030,official,Official Saudi Exchange company profile link added.,2026-06-28
6040,official,Official Saudi Exchange company profile link added.,2026-06-28
6050,official,Official Saudi Exchange company profile link added.,2026-06-28
6060,official,Official Saudi Exchange company profile link added.,2026-06-28
6070,official,Official Saudi Exchange company profile link added.,2026-06-28
6080,official,Official Saudi Exchange company profile link added.,2026-06-28
6090,official,Official Saudi Exchange company profile link added.,2026-06-28
7010,official,Official Saudi Exchange company profile link added.,2026-06-28
7020,official,Official Saudi Exchange company profile link added.,2026-06-28
7030,official,Official Saudi Exchange company profile link added.,2026-06-28
7040,official,Official Saudi Exchange company profile link added.,2026-06-28
7200,official,Official Saudi Exchange company profile link added.,2026-06-28
7201,official,Official Saudi Exchange company profile link added.,2026-06-28
7202,official,Official Saudi Exchange company profile link added.,2026-06-28
7203,official,Official Saudi Exchange company profile link added.,2026-06-28
7204,official,Official Saudi Exchange company profile link added.,2026-06-28
7205,official,Official Saudi Exchange company profile link added.,2026-06-28
7211,official,Official Saudi Exchange company profile link added.,2026-06-28
8010,official,Official Saudi Exchange company profile link added.,2026-06-28
8012,official,Official Saudi Exchange company profile link added.,2026-06-28
8020,official,Official Saudi Exchange company profile link added.,2026-06-28
8030,official,Official Saudi Exchange company profile link added.,2026-06-28
8040,official,Official Saudi Exchange company profile link added.,2026-06-28
8050,official,Official Saudi Exchange company profile link added.,2026-06-28
8060,official,Official Saudi Exchange company profile link added.,2026-06-28
8070,official,Official Saudi Exchange company profile link added.,2026-06-28
8100,official,Official Saudi Exchange company profile link added.,2026-06-28
8120,official,Official Saudi Exchange company profile link added.,2026-06-28
8150,official,Official Saudi Exchange company profile link added.,2026-06-28
8160,official,Official Saudi Exchange company profile link added.,2026-06-28
8170,official,Official Saudi Exchange company profile link added.,2026-06-28
8180,official,Official Saudi Exchange company profile link added.,2026-06-28
8190,official,Official Saudi Exchange company profile link added.,2026-06-28
8200,official,Official Saudi Exchange company profile link added.,2026-06-28
8210,official,Official Saudi Exchange company profile link added.,2026-06-28
8230,official,Official Saudi Exchange company profile link added.,2026-06-28
8240,official,Official Saudi Exchange company profile link added.,2026-06-28
8250,official,Official Saudi Exchange company profile link added.,2026-06-28
8260,official,Official Saudi Exchange company profile link added.,2026-06-28
8270,official,Official Saudi Exchange company profile link added.,2026-06-28
8280,official,Official Saudi Exchange company profile link added.,2026-06-28
8300,official,Official Saudi Exchange company profile link added.,2026-06-28
8310,official,Official Saudi Exchange company profile link added.,2026-06-28
8311,official,Official Saudi Exchange company profile link added.,2026-06-28
8312,official,Official Saudi Exchange company profile link added.,2026-06-28
8313,official,Official Saudi Exchange company profile link added.,2026-06-28
